-- phpMyAdmin SQL Dump
-- version 5.2.1
-- https://www.phpmyadmin.net/
--
-- Хост: 127.0.0.1:3306
-- Время создания: Май 20 2024 г., 16:33
-- Версия сервера: 10.11.7-MariaDB-cll-lve
-- Версия PHP: 7.2.34

SET SQL_MODE = "NO_AUTO_VALUE_ON_ZERO";
START TRANSACTION;
SET time_zone = "+00:00";


/*!40101 SET @OLD_CHARACTER_SET_CLIENT=@@CHARACTER_SET_CLIENT */;
/*!40101 SET @OLD_CHARACTER_SET_RESULTS=@@CHARACTER_SET_RESULTS */;
/*!40101 SET @OLD_COLLATION_CONNECTION=@@COLLATION_CONNECTION */;
/*!40101 SET NAMES utf8mb4 */;

--
-- База данных: `u929278937_kulliyevschool`
--

-- --------------------------------------------------------

--
-- Структура таблицы `admin_kassas`
--

CREATE TABLE `admin_kassas` (
  `id` bigint(20) UNSIGNED NOT NULL,
  `filial_id` int(11) NOT NULL,
  `user_id` int(11) NOT NULL,
  `naqt` int(11) DEFAULT NULL,
  `plastik` int(11) DEFAULT NULL,
  `chegirma` int(11) DEFAULT NULL,
  `qaytarildi` int(11) DEFAULT NULL,
  `tashriflar` int(11) DEFAULT NULL,
  `created_at` timestamp NULL DEFAULT NULL,
  `updated_at` timestamp NULL DEFAULT NULL
) ENGINE=InnoDB DEFAULT CHARSET=utf8mb4 COLLATE=utf8mb4_unicode_ci;

--
-- Дамп данных таблицы `admin_kassas`
--

INSERT INTO `admin_kassas` (`id`, `filial_id`, `user_id`, `naqt`, `plastik`, `chegirma`, `qaytarildi`, `tashriflar`, `created_at`, `updated_at`) VALUES
(2, 3, 21, NULL, NULL, NULL, NULL, 39, '2024-05-02 10:42:06', '2024-05-13 16:42:12');

-- --------------------------------------------------------

--
-- Структура таблицы `all_s_m_s`
--

CREATE TABLE `all_s_m_s` (
  `id` bigint(20) UNSIGNED NOT NULL,
  `admin` varchar(255) NOT NULL,
  `status` varchar(255) NOT NULL,
  `text` varchar(255) NOT NULL,
  `created_at` timestamp NULL DEFAULT NULL,
  `updated_at` timestamp NULL DEFAULT NULL
) ENGINE=InnoDB DEFAULT CHARSET=utf8mb4 COLLATE=utf8mb4_unicode_ci;

-- --------------------------------------------------------

--
-- Структура таблицы `cache`
--

CREATE TABLE `cache` (
  `key` varchar(255) NOT NULL,
  `value` mediumtext NOT NULL,
  `expiration` int(11) NOT NULL
) ENGINE=InnoDB DEFAULT CHARSET=utf8mb4 COLLATE=utf8mb4_unicode_ci;

-- --------------------------------------------------------

--
-- Структура таблицы `cache_locks`
--

CREATE TABLE `cache_locks` (
  `key` varchar(255) NOT NULL,
  `owner` varchar(255) NOT NULL,
  `expiration` int(11) NOT NULL
) ENGINE=InnoDB DEFAULT CHARSET=utf8mb4 COLLATE=utf8mb4_unicode_ci;

-- --------------------------------------------------------

--
-- Структура таблицы `chegirma_days`
--

CREATE TABLE `chegirma_days` (
  `id` bigint(20) UNSIGNED NOT NULL,
  `filial_id` int(11) NOT NULL,
  `days` int(11) NOT NULL DEFAULT 0,
  `created_at` timestamp NULL DEFAULT NULL,
  `updated_at` timestamp NULL DEFAULT NULL
) ENGINE=InnoDB DEFAULT CHARSET=utf8mb4 COLLATE=utf8mb4_unicode_ci;

--
-- Дамп данных таблицы `chegirma_days`
--

INSERT INTO `chegirma_days` (`id`, `filial_id`, `days`, `created_at`, `updated_at`) VALUES
(3, 3, 0, '2024-05-02 10:10:58', '2024-05-02 10:10:58');

-- --------------------------------------------------------

--
-- Структура таблицы `cours`
--

CREATE TABLE `cours` (
  `id` bigint(20) UNSIGNED NOT NULL,
  `filial_id` int(11) NOT NULL,
  `cours_name` varchar(255) NOT NULL,
  `created_at` timestamp NULL DEFAULT NULL,
  `updated_at` timestamp NULL DEFAULT NULL
) ENGINE=InnoDB DEFAULT CHARSET=utf8mb4 COLLATE=utf8mb4_unicode_ci;

--
-- Дамп данных таблицы `cours`
--

INSERT INTO `cours` (`id`, `filial_id`, `cours_name`, `created_at`, `updated_at`) VALUES
(2, 3, 'Oson 1', '2024-05-03 10:20:01', '2024-05-03 10:20:01'),
(3, 3, 'EPS TOPIK', '2024-05-03 10:21:10', '2024-05-03 10:21:10'),
(4, 3, 'Oson 1 1-qism', '2024-05-04 10:17:14', '2024-05-04 10:17:14'),
(5, 3, 'Eps Topik 2', '2024-05-04 10:20:24', '2024-05-04 10:20:24'),
(6, 3, 'Eps Topik 3', '2024-05-04 10:21:12', '2024-05-04 10:21:12');

-- --------------------------------------------------------

--
-- Структура таблицы `davomats`
--

CREATE TABLE `davomats` (
  `id` bigint(20) UNSIGNED NOT NULL,
  `filial_id` int(11) NOT NULL,
  `guruh_id` int(11) NOT NULL,
  `user_id` int(11) NOT NULL,
  `dates` varchar(255) NOT NULL,
  `status` varchar(255) NOT NULL,
  `techer_id` varchar(255) NOT NULL,
  `created_at` timestamp NULL DEFAULT NULL,
  `updated_at` timestamp NULL DEFAULT NULL
) ENGINE=InnoDB DEFAULT CHARSET=utf8mb4 COLLATE=utf8mb4_unicode_ci;

--
-- Дамп данных таблицы `davomats`
--

INSERT INTO `davomats` (`id`, `filial_id`, `guruh_id`, `user_id`, `dates`, `status`, `techer_id`, `created_at`, `updated_at`) VALUES
(1, 3, 18, 50, '2024-05-06', 'false', '26', '2024-05-06 18:11:08', '2024-05-06 18:11:08'),
(2, 3, 18, 49, '2024-05-06', 'false', '26', '2024-05-06 18:11:08', '2024-05-06 18:11:08'),
(3, 3, 18, 48, '2024-05-06', 'true', '26', '2024-05-06 18:11:08', '2024-05-06 18:11:08'),
(4, 3, 18, 47, '2024-05-06', 'true', '26', '2024-05-06 18:11:08', '2024-05-06 18:11:08'),
(5, 3, 18, 46, '2024-05-06', 'true', '26', '2024-05-06 18:11:08', '2024-05-06 18:11:08'),
(6, 3, 18, 45, '2024-05-06', 'true', '26', '2024-05-06 18:11:08', '2024-05-06 18:11:08'),
(7, 3, 18, 44, '2024-05-06', 'true', '26', '2024-05-06 18:11:08', '2024-05-06 18:11:08'),
(8, 3, 18, 43, '2024-05-06', 'true', '26', '2024-05-06 18:11:08', '2024-05-06 18:11:08'),
(9, 3, 18, 42, '2024-05-06', 'true', '26', '2024-05-06 18:11:08', '2024-05-06 18:11:08'),
(10, 3, 18, 41, '2024-05-06', 'true', '26', '2024-05-06 18:11:08', '2024-05-06 18:11:08'),
(11, 3, 18, 40, '2024-05-06', 'true', '26', '2024-05-06 18:11:08', '2024-05-06 18:11:08'),
(12, 3, 17, 20, '2024-05-07', 'true', '26', '2024-05-07 19:42:55', '2024-05-07 19:42:55'),
(13, 3, 17, 29, '2024-05-07', 'true', '26', '2024-05-07 19:42:55', '2024-05-07 19:42:55'),
(14, 3, 17, 28, '2024-05-07', 'true', '26', '2024-05-07 19:42:55', '2024-05-07 19:42:55'),
(15, 3, 17, 55, '2024-05-07', 'true', '26', '2024-05-07 19:42:55', '2024-05-07 19:42:55'),
(16, 3, 17, 30, '2024-05-07', 'true', '26', '2024-05-07 19:42:55', '2024-05-07 19:42:55'),
(17, 3, 17, 31, '2024-05-07', 'true', '26', '2024-05-07 19:42:55', '2024-05-07 19:42:55'),
(18, 3, 17, 32, '2024-05-07', 'false', '26', '2024-05-07 19:42:55', '2024-05-07 19:42:55'),
(19, 3, 17, 51, '2024-05-07', 'false', '26', '2024-05-07 19:42:55', '2024-05-07 19:42:55'),
(20, 3, 17, 52, '2024-05-07', 'false', '26', '2024-05-07 19:42:55', '2024-05-07 19:42:55'),
(21, 3, 17, 53, '2024-05-07', 'true', '26', '2024-05-07 19:42:55', '2024-05-07 19:42:55'),
(22, 3, 17, 27, '2024-05-07', 'true', '26', '2024-05-07 19:42:55', '2024-05-07 19:42:55'),
(23, 3, 17, 54, '2024-05-07', 'true', '26', '2024-05-07 19:42:55', '2024-05-07 19:42:55'),
(24, 3, 17, 56, '2024-05-07', 'true', '26', '2024-05-07 19:42:55', '2024-05-07 19:42:55'),
(25, 3, 17, 57, '2024-05-07', 'true', '26', '2024-05-07 19:42:55', '2024-05-07 19:42:55'),
(26, 3, 17, 58, '2024-05-07', 'false', '26', '2024-05-07 19:42:55', '2024-05-07 19:42:55'),
(27, 3, 19, 25, '2024-05-08', 'false', '26', '2024-05-08 14:42:12', '2024-05-08 14:42:12'),
(28, 3, 19, 38, '2024-05-08', 'true', '26', '2024-05-08 14:42:12', '2024-05-08 14:42:12'),
(29, 3, 19, 37, '2024-05-08', 'true', '26', '2024-05-08 14:42:12', '2024-05-08 14:42:12'),
(30, 3, 19, 35, '2024-05-08', 'true', '26', '2024-05-08 14:42:12', '2024-05-08 14:42:12'),
(31, 3, 19, 34, '2024-05-08', 'true', '26', '2024-05-08 14:42:12', '2024-05-08 14:42:12'),
(32, 3, 19, 33, '2024-05-08', 'true', '26', '2024-05-08 14:42:12', '2024-05-08 14:42:12'),
(33, 3, 19, 36, '2024-05-08', 'true', '26', '2024-05-08 14:42:12', '2024-05-08 14:42:12'),
(34, 3, 18, 50, '2024-05-08', 'true', '26', '2024-05-08 18:46:19', '2024-05-08 18:46:19'),
(35, 3, 18, 49, '2024-05-08', 'true', '26', '2024-05-08 18:46:19', '2024-05-08 18:46:19'),
(36, 3, 18, 48, '2024-05-08', 'true', '26', '2024-05-08 18:46:19', '2024-05-08 18:46:19'),
(37, 3, 18, 47, '2024-05-08', 'true', '26', '2024-05-08 18:46:19', '2024-05-08 18:46:19'),
(38, 3, 18, 46, '2024-05-08', 'true', '26', '2024-05-08 18:46:19', '2024-05-08 18:46:19'),
(39, 3, 18, 45, '2024-05-08', 'true', '26', '2024-05-08 18:46:19', '2024-05-08 18:46:19'),
(40, 3, 18, 44, '2024-05-08', 'false', '26', '2024-05-08 18:46:19', '2024-05-08 18:46:19'),
(41, 3, 18, 43, '2024-05-08', 'true', '26', '2024-05-08 18:46:19', '2024-05-08 18:46:19'),
(42, 3, 18, 42, '2024-05-08', 'true', '26', '2024-05-08 18:46:19', '2024-05-08 18:46:19'),
(43, 3, 18, 41, '2024-05-08', 'true', '26', '2024-05-08 18:46:19', '2024-05-08 18:46:19'),
(44, 3, 18, 40, '2024-05-08', 'true', '26', '2024-05-08 18:46:19', '2024-05-08 18:46:19'),
(45, 3, 18, 61, '2024-05-08', 'false', '26', '2024-05-08 18:46:19', '2024-05-08 18:46:19'),
(46, 3, 18, 62, '2024-05-08', 'true', '26', '2024-05-08 18:46:19', '2024-05-08 18:46:19'),
(47, 3, 18, 24, '2024-05-08', 'true', '26', '2024-05-08 18:46:19', '2024-05-08 18:46:19'),
(48, 3, 18, 22, '2024-05-08', 'true', '26', '2024-05-08 18:46:19', '2024-05-08 18:46:19'),
(49, 3, 17, 20, '2024-05-09', 'false', '26', '2024-05-09 19:58:57', '2024-05-09 19:58:57'),
(50, 3, 17, 29, '2024-05-09', 'true', '26', '2024-05-09 19:58:57', '2024-05-09 19:58:57'),
(51, 3, 17, 28, '2024-05-09', 'true', '26', '2024-05-09 19:58:57', '2024-05-09 19:58:57'),
(52, 3, 17, 55, '2024-05-09', 'false', '26', '2024-05-09 19:58:57', '2024-05-09 19:58:57'),
(53, 3, 17, 30, '2024-05-09', 'true', '26', '2024-05-09 19:58:57', '2024-05-09 19:58:57'),
(54, 3, 17, 31, '2024-05-09', 'true', '26', '2024-05-09 19:58:57', '2024-05-09 19:58:57'),
(55, 3, 17, 32, '2024-05-09', 'true', '26', '2024-05-09 19:58:57', '2024-05-09 19:58:57'),
(56, 3, 17, 51, '2024-05-09', 'true', '26', '2024-05-09 19:58:57', '2024-05-09 19:58:57'),
(57, 3, 17, 52, '2024-05-09', 'true', '26', '2024-05-09 19:58:57', '2024-05-09 19:58:57'),
(58, 3, 17, 53, '2024-05-09', 'true', '26', '2024-05-09 19:58:57', '2024-05-09 19:58:57'),
(59, 3, 17, 27, '2024-05-09', 'true', '26', '2024-05-09 19:58:57', '2024-05-09 19:58:57'),
(60, 3, 17, 54, '2024-05-09', 'true', '26', '2024-05-09 19:58:57', '2024-05-09 19:58:57'),
(61, 3, 17, 56, '2024-05-09', 'true', '26', '2024-05-09 19:58:57', '2024-05-09 19:58:57'),
(62, 3, 17, 57, '2024-05-09', 'true', '26', '2024-05-09 19:58:57', '2024-05-09 19:58:57'),
(63, 3, 17, 58, '2024-05-09', 'true', '26', '2024-05-09 19:58:57', '2024-05-09 19:58:57'),
(64, 3, 17, 63, '2024-05-09', 'true', '26', '2024-05-09 19:58:57', '2024-05-09 19:58:57'),
(65, 3, 17, 64, '2024-05-09', 'true', '26', '2024-05-09 19:58:57', '2024-05-09 19:58:57'),
(66, 3, 17, 65, '2024-05-09', 'true', '26', '2024-05-09 19:58:57', '2024-05-09 19:58:57'),
(67, 3, 19, 25, '2024-05-10', 'false', '26', '2024-05-10 14:52:30', '2024-05-10 14:52:30'),
(68, 3, 19, 38, '2024-05-10', 'true', '26', '2024-05-10 14:52:30', '2024-05-10 14:52:30'),
(69, 3, 19, 37, '2024-05-10', 'true', '26', '2024-05-10 14:52:30', '2024-05-10 14:52:30'),
(70, 3, 19, 35, '2024-05-10', 'false', '26', '2024-05-10 14:52:30', '2024-05-10 14:52:30'),
(71, 3, 19, 34, '2024-05-10', 'true', '26', '2024-05-10 14:52:30', '2024-05-10 14:52:30'),
(72, 3, 19, 33, '2024-05-10', 'true', '26', '2024-05-10 14:52:30', '2024-05-10 14:52:30'),
(73, 3, 19, 36, '2024-05-10', 'false', '26', '2024-05-10 14:52:30', '2024-05-10 14:52:30'),
(74, 3, 18, 50, '2024-05-10', 'true', '26', '2024-05-10 18:56:19', '2024-05-10 18:56:19'),
(75, 3, 18, 49, '2024-05-10', 'true', '26', '2024-05-10 18:56:19', '2024-05-10 18:56:19'),
(76, 3, 18, 48, '2024-05-10', 'true', '26', '2024-05-10 18:56:19', '2024-05-10 18:56:19'),
(77, 3, 18, 47, '2024-05-10', 'true', '26', '2024-05-10 18:56:19', '2024-05-10 18:56:19'),
(78, 3, 18, 46, '2024-05-10', 'true', '26', '2024-05-10 18:56:19', '2024-05-10 18:56:19'),
(79, 3, 18, 45, '2024-05-10', 'false', '26', '2024-05-10 18:56:19', '2024-05-10 18:56:19'),
(80, 3, 18, 44, '2024-05-10', 'true', '26', '2024-05-10 18:56:19', '2024-05-10 18:56:19'),
(81, 3, 18, 43, '2024-05-10', 'true', '26', '2024-05-10 18:56:19', '2024-05-10 18:56:19'),
(82, 3, 18, 42, '2024-05-10', 'true', '26', '2024-05-10 18:56:19', '2024-05-10 18:56:19'),
(83, 3, 18, 41, '2024-05-10', 'true', '26', '2024-05-10 18:56:19', '2024-05-10 18:56:19'),
(84, 3, 18, 40, '2024-05-10', 'true', '26', '2024-05-10 18:56:19', '2024-05-10 18:56:19'),
(85, 3, 18, 61, '2024-05-10', 'false', '26', '2024-05-10 18:56:19', '2024-05-10 18:56:19'),
(86, 3, 18, 62, '2024-05-10', 'false', '26', '2024-05-10 18:56:19', '2024-05-10 18:56:19'),
(87, 3, 18, 24, '2024-05-10', 'true', '26', '2024-05-10 18:56:19', '2024-05-10 18:56:19'),
(88, 3, 18, 22, '2024-05-10', 'true', '26', '2024-05-10 18:56:19', '2024-05-10 18:56:19'),
(89, 3, 18, 23, '2024-05-10', 'true', '26', '2024-05-10 18:56:19', '2024-05-10 18:56:19'),
(90, 3, 17, 20, '2024-05-11', 'false', '26', '2024-05-11 19:47:52', '2024-05-11 19:47:52'),
(91, 3, 17, 29, '2024-05-11', 'true', '26', '2024-05-11 19:47:52', '2024-05-11 19:47:52'),
(92, 3, 17, 28, '2024-05-11', 'true', '26', '2024-05-11 19:47:52', '2024-05-11 19:47:52'),
(93, 3, 17, 55, '2024-05-11', 'true', '26', '2024-05-11 19:47:52', '2024-05-11 19:47:52'),
(94, 3, 17, 30, '2024-05-11', 'true', '26', '2024-05-11 19:47:52', '2024-05-11 19:47:52'),
(95, 3, 17, 31, '2024-05-11', 'true', '26', '2024-05-11 19:47:52', '2024-05-11 19:47:52'),
(96, 3, 17, 32, '2024-05-11', 'true', '26', '2024-05-11 19:47:52', '2024-05-11 19:47:52'),
(97, 3, 17, 51, '2024-05-11', 'true', '26', '2024-05-11 19:47:52', '2024-05-11 19:47:52'),
(98, 3, 17, 52, '2024-05-11', 'true', '26', '2024-05-11 19:47:52', '2024-05-11 19:47:52'),
(99, 3, 17, 53, '2024-05-11', 'true', '26', '2024-05-11 19:47:52', '2024-05-11 19:47:52'),
(100, 3, 17, 27, '2024-05-11', 'true', '26', '2024-05-11 19:47:52', '2024-05-11 19:47:52'),
(101, 3, 17, 54, '2024-05-11', 'true', '26', '2024-05-11 19:47:52', '2024-05-11 19:47:52'),
(102, 3, 17, 56, '2024-05-11', 'true', '26', '2024-05-11 19:47:52', '2024-05-11 19:47:52'),
(103, 3, 17, 57, '2024-05-11', 'true', '26', '2024-05-11 19:47:52', '2024-05-11 19:47:52'),
(104, 3, 17, 58, '2024-05-11', 'true', '26', '2024-05-11 19:47:52', '2024-05-11 19:47:52'),
(105, 3, 17, 63, '2024-05-11', 'true', '26', '2024-05-11 19:47:52', '2024-05-11 19:47:52'),
(106, 3, 17, 64, '2024-05-11', 'true', '26', '2024-05-11 19:47:52', '2024-05-11 19:47:52'),
(107, 3, 17, 65, '2024-05-11', 'true', '26', '2024-05-11 19:47:52', '2024-05-11 19:47:52'),
(108, 3, 17, 67, '2024-05-11', 'true', '26', '2024-05-11 19:47:52', '2024-05-11 19:47:52'),
(109, 3, 20, 66, '2024-05-13', 'true', '60', '2024-05-13 17:52:44', '2024-05-13 17:52:44'),
(110, 3, 20, 69, '2024-05-13', 'true', '60', '2024-05-13 17:52:44', '2024-05-13 17:52:44'),
(111, 3, 20, 70, '2024-05-13', 'true', '60', '2024-05-13 17:52:44', '2024-05-13 17:52:44'),
(112, 3, 20, 72, '2024-05-13', 'true', '60', '2024-05-13 17:52:44', '2024-05-13 17:52:44'),
(113, 3, 20, 71, '2024-05-13', 'false', '60', '2024-05-13 17:52:44', '2024-05-13 17:52:44'),
(114, 3, 20, 73, '2024-05-13', 'true', '60', '2024-05-13 17:52:44', '2024-05-13 17:52:44'),
(115, 3, 20, 74, '2024-05-13', 'true', '60', '2024-05-13 17:52:44', '2024-05-13 17:52:44'),
(116, 3, 20, 76, '2024-05-13', 'true', '60', '2024-05-13 17:52:44', '2024-05-13 17:52:44'),
(117, 3, 20, 75, '2024-05-13', 'false', '60', '2024-05-13 17:52:44', '2024-05-13 17:52:44'),
(118, 3, 20, 77, '2024-05-13', 'true', '60', '2024-05-13 17:52:44', '2024-05-13 17:52:44'),
(119, 3, 20, 78, '2024-05-13', 'false', '60', '2024-05-13 17:52:44', '2024-05-13 17:52:44'),
(120, 3, 20, 79, '2024-05-13', 'true', '60', '2024-05-13 17:52:44', '2024-05-13 17:52:44'),
(121, 3, 17, 20, '2024-05-14', 'false', '26', '2024-05-14 19:55:52', '2024-05-14 19:55:52'),
(122, 3, 17, 29, '2024-05-14', 'true', '26', '2024-05-14 19:55:52', '2024-05-14 19:55:52'),
(123, 3, 17, 28, '2024-05-14', 'true', '26', '2024-05-14 19:55:52', '2024-05-14 19:55:52'),
(124, 3, 17, 55, '2024-05-14', 'true', '26', '2024-05-14 19:55:52', '2024-05-14 19:55:52'),
(125, 3, 17, 30, '2024-05-14', 'true', '26', '2024-05-14 19:55:52', '2024-05-14 19:55:52'),
(126, 3, 17, 31, '2024-05-14', 'true', '26', '2024-05-14 19:55:52', '2024-05-14 19:55:52'),
(127, 3, 17, 32, '2024-05-14', 'false', '26', '2024-05-14 19:55:52', '2024-05-14 19:55:52'),
(128, 3, 17, 51, '2024-05-14', 'false', '26', '2024-05-14 19:55:52', '2024-05-14 19:55:52'),
(129, 3, 17, 52, '2024-05-14', 'false', '26', '2024-05-14 19:55:52', '2024-05-14 19:55:52'),
(130, 3, 17, 53, '2024-05-14', 'false', '26', '2024-05-14 19:55:52', '2024-05-14 19:55:52'),
(131, 3, 17, 27, '2024-05-14', 'true', '26', '2024-05-14 19:55:52', '2024-05-14 19:55:52'),
(132, 3, 17, 54, '2024-05-14', 'false', '26', '2024-05-14 19:55:52', '2024-05-14 19:55:52'),
(133, 3, 17, 56, '2024-05-14', 'true', '26', '2024-05-14 19:55:52', '2024-05-14 19:55:52'),
(134, 3, 17, 57, '2024-05-14', 'true', '26', '2024-05-14 19:55:52', '2024-05-14 19:55:52'),
(135, 3, 17, 58, '2024-05-14', 'false', '26', '2024-05-14 19:55:52', '2024-05-14 19:55:52'),
(136, 3, 17, 63, '2024-05-14', 'true', '26', '2024-05-14 19:55:52', '2024-05-14 19:55:52'),
(137, 3, 17, 64, '2024-05-14', 'false', '26', '2024-05-14 19:55:52', '2024-05-14 19:55:52'),
(138, 3, 17, 65, '2024-05-14', 'false', '26', '2024-05-14 19:55:52', '2024-05-14 19:55:52'),
(139, 3, 17, 67, '2024-05-14', 'false', '26', '2024-05-14 19:55:52', '2024-05-14 19:55:52'),
(140, 3, 20, 66, '2024-05-15', 'true', '60', '2024-05-15 16:15:43', '2024-05-15 16:15:43'),
(141, 3, 20, 69, '2024-05-15', 'true', '60', '2024-05-15 16:15:43', '2024-05-15 16:15:43'),
(142, 3, 20, 70, '2024-05-15', 'true', '60', '2024-05-15 16:15:43', '2024-05-15 16:15:43'),
(143, 3, 20, 72, '2024-05-15', 'true', '60', '2024-05-15 16:15:43', '2024-05-15 16:15:43'),
(144, 3, 20, 71, '2024-05-15', 'false', '60', '2024-05-15 16:15:43', '2024-05-15 16:15:43'),
(145, 3, 20, 73, '2024-05-15', 'true', '60', '2024-05-15 16:15:43', '2024-05-15 16:15:43'),
(146, 3, 20, 74, '2024-05-15', 'true', '60', '2024-05-15 16:15:43', '2024-05-15 16:15:43'),
(147, 3, 20, 76, '2024-05-15', 'true', '60', '2024-05-15 16:15:43', '2024-05-15 16:15:43'),
(148, 3, 20, 75, '2024-05-15', 'false', '60', '2024-05-15 16:15:43', '2024-05-15 16:15:43'),
(149, 3, 20, 77, '2024-05-15', 'false', '60', '2024-05-15 16:15:43', '2024-05-15 16:15:43'),
(150, 3, 20, 78, '2024-05-15', 'false', '60', '2024-05-15 16:15:43', '2024-05-15 16:15:43'),
(151, 3, 20, 79, '2024-05-15', 'true', '60', '2024-05-15 16:15:43', '2024-05-15 16:15:43'),
(152, 3, 20, 80, '2024-05-15', 'false', '60', '2024-05-15 16:15:43', '2024-05-15 16:15:43'),
(153, 3, 17, 20, '2024-05-16', 'false', '26', '2024-05-16 19:43:12', '2024-05-16 19:43:12'),
(154, 3, 17, 29, '2024-05-16', 'true', '26', '2024-05-16 19:43:12', '2024-05-16 19:43:12'),
(155, 3, 17, 28, '2024-05-16', 'true', '26', '2024-05-16 19:43:12', '2024-05-16 19:43:12'),
(156, 3, 17, 55, '2024-05-16', 'false', '26', '2024-05-16 19:43:12', '2024-05-16 19:43:12'),
(157, 3, 17, 30, '2024-05-16', 'true', '26', '2024-05-16 19:43:12', '2024-05-16 19:43:12'),
(158, 3, 17, 31, '2024-05-16', 'true', '26', '2024-05-16 19:43:12', '2024-05-16 19:43:12'),
(159, 3, 17, 32, '2024-05-16', 'true', '26', '2024-05-16 19:43:12', '2024-05-16 19:43:12'),
(160, 3, 17, 51, '2024-05-16', 'false', '26', '2024-05-16 19:43:12', '2024-05-16 19:43:12'),
(161, 3, 17, 52, '2024-05-16', 'true', '26', '2024-05-16 19:43:12', '2024-05-16 19:43:12'),
(162, 3, 17, 53, '2024-05-16', 'true', '26', '2024-05-16 19:43:12', '2024-05-16 19:43:12'),
(163, 3, 17, 27, '2024-05-16', 'true', '26', '2024-05-16 19:43:12', '2024-05-16 19:43:12'),
(164, 3, 17, 54, '2024-05-16', 'true', '26', '2024-05-16 19:43:12', '2024-05-16 19:43:12'),
(165, 3, 17, 56, '2024-05-16', 'true', '26', '2024-05-16 19:43:12', '2024-05-16 19:43:12'),
(166, 3, 17, 57, '2024-05-16', 'true', '26', '2024-05-16 19:43:12', '2024-05-16 19:43:12'),
(167, 3, 17, 58, '2024-05-16', 'false', '26', '2024-05-16 19:43:12', '2024-05-16 19:43:12'),
(168, 3, 17, 63, '2024-05-16', 'true', '26', '2024-05-16 19:43:12', '2024-05-16 19:43:12'),
(169, 3, 17, 64, '2024-05-16', 'true', '26', '2024-05-16 19:43:12', '2024-05-16 19:43:12'),
(170, 3, 17, 65, '2024-05-16', 'true', '26', '2024-05-16 19:43:12', '2024-05-16 19:43:12'),
(171, 3, 17, 67, '2024-05-16', 'false', '26', '2024-05-16 19:43:12', '2024-05-16 19:43:12'),
(172, 3, 18, 50, '2024-05-17', 'true', '26', '2024-05-17 19:55:44', '2024-05-17 19:55:44'),
(173, 3, 18, 49, '2024-05-17', 'true', '26', '2024-05-17 19:55:44', '2024-05-17 19:55:44'),
(174, 3, 18, 48, '2024-05-17', 'false', '26', '2024-05-17 19:55:44', '2024-05-17 19:55:44'),
(175, 3, 18, 47, '2024-05-17', 'true', '26', '2024-05-17 19:55:44', '2024-05-17 19:55:44'),
(176, 3, 18, 46, '2024-05-17', 'true', '26', '2024-05-17 19:55:44', '2024-05-17 19:55:44'),
(177, 3, 18, 45, '2024-05-17', 'true', '26', '2024-05-17 19:55:44', '2024-05-17 19:55:44'),
(178, 3, 18, 44, '2024-05-17', 'true', '26', '2024-05-17 19:55:44', '2024-05-17 19:55:44'),
(179, 3, 18, 43, '2024-05-17', 'true', '26', '2024-05-17 19:55:44', '2024-05-17 19:55:44'),
(180, 3, 18, 42, '2024-05-17', 'true', '26', '2024-05-17 19:55:44', '2024-05-17 19:55:44'),
(181, 3, 18, 41, '2024-05-17', 'true', '26', '2024-05-17 19:55:44', '2024-05-17 19:55:44'),
(182, 3, 18, 40, '2024-05-17', 'true', '26', '2024-05-17 19:55:44', '2024-05-17 19:55:44'),
(183, 3, 18, 61, '2024-05-17', 'false', '26', '2024-05-17 19:55:44', '2024-05-17 19:55:44'),
(184, 3, 18, 62, '2024-05-17', 'false', '26', '2024-05-17 19:55:44', '2024-05-17 19:55:44'),
(185, 3, 18, 24, '2024-05-17', 'true', '26', '2024-05-17 19:55:44', '2024-05-17 19:55:44'),
(186, 3, 18, 22, '2024-05-17', 'true', '26', '2024-05-17 19:55:44', '2024-05-17 19:55:44'),
(187, 3, 18, 23, '2024-05-17', 'true', '26', '2024-05-17 19:55:44', '2024-05-17 19:55:44'),
(188, 3, 17, 20, '2024-05-18', 'false', '26', '2024-05-18 20:05:48', '2024-05-18 20:05:48'),
(189, 3, 17, 29, '2024-05-18', 'true', '26', '2024-05-18 20:05:48', '2024-05-18 20:05:48'),
(190, 3, 17, 28, '2024-05-18', 'true', '26', '2024-05-18 20:05:48', '2024-05-18 20:05:48'),
(191, 3, 17, 55, '2024-05-18', 'true', '26', '2024-05-18 20:05:48', '2024-05-18 20:05:48'),
(192, 3, 17, 30, '2024-05-18', 'true', '26', '2024-05-18 20:05:48', '2024-05-18 20:05:48'),
(193, 3, 17, 31, '2024-05-18', 'true', '26', '2024-05-18 20:05:48', '2024-05-18 20:05:48'),
(194, 3, 17, 32, '2024-05-18', 'false', '26', '2024-05-18 20:05:48', '2024-05-18 20:05:48'),
(195, 3, 17, 51, '2024-05-18', 'true', '26', '2024-05-18 20:05:48', '2024-05-18 20:05:48'),
(196, 3, 17, 52, '2024-05-18', 'true', '26', '2024-05-18 20:05:48', '2024-05-18 20:05:48'),
(197, 3, 17, 53, '2024-05-18', 'true', '26', '2024-05-18 20:05:48', '2024-05-18 20:05:48'),
(198, 3, 17, 27, '2024-05-18', 'true', '26', '2024-05-18 20:05:48', '2024-05-18 20:05:48'),
(199, 3, 17, 54, '2024-05-18', 'true', '26', '2024-05-18 20:05:48', '2024-05-18 20:05:48'),
(200, 3, 17, 56, '2024-05-18', 'true', '26', '2024-05-18 20:05:48', '2024-05-18 20:05:48'),
(201, 3, 17, 57, '2024-05-18', 'true', '26', '2024-05-18 20:05:48', '2024-05-18 20:05:48'),
(202, 3, 17, 58, '2024-05-18', 'false', '26', '2024-05-18 20:05:48', '2024-05-18 20:05:48'),
(203, 3, 17, 63, '2024-05-18', 'true', '26', '2024-05-18 20:05:48', '2024-05-18 20:05:48'),
(204, 3, 17, 64, '2024-05-18', 'true', '26', '2024-05-18 20:05:48', '2024-05-18 20:05:48'),
(205, 3, 17, 65, '2024-05-18', 'true', '26', '2024-05-18 20:05:48', '2024-05-18 20:05:48'),
(206, 3, 17, 67, '2024-05-18', 'true', '26', '2024-05-18 20:05:48', '2024-05-18 20:05:48'),
(207, 3, 17, 20, '2024-05-18', 'false', '26', '2024-05-18 20:28:32', '2024-05-18 20:28:32'),
(208, 3, 17, 29, '2024-05-18', 'true', '26', '2024-05-18 20:28:32', '2024-05-18 20:28:32'),
(209, 3, 17, 28, '2024-05-18', 'true', '26', '2024-05-18 20:28:32', '2024-05-18 20:28:32'),
(210, 3, 17, 55, '2024-05-18', 'true', '26', '2024-05-18 20:28:32', '2024-05-18 20:28:32'),
(211, 3, 17, 30, '2024-05-18', 'true', '26', '2024-05-18 20:28:32', '2024-05-18 20:28:32'),
(212, 3, 17, 31, '2024-05-18', 'true', '26', '2024-05-18 20:28:32', '2024-05-18 20:28:32'),
(213, 3, 17, 32, '2024-05-18', 'false', '26', '2024-05-18 20:28:32', '2024-05-18 20:28:32'),
(214, 3, 17, 51, '2024-05-18', 'true', '26', '2024-05-18 20:28:32', '2024-05-18 20:28:32'),
(215, 3, 17, 52, '2024-05-18', 'true', '26', '2024-05-18 20:28:32', '2024-05-18 20:28:32'),
(216, 3, 17, 53, '2024-05-18', 'true', '26', '2024-05-18 20:28:32', '2024-05-18 20:28:32'),
(217, 3, 17, 27, '2024-05-18', 'true', '26', '2024-05-18 20:28:32', '2024-05-18 20:28:32'),
(218, 3, 17, 54, '2024-05-18', 'true', '26', '2024-05-18 20:28:32', '2024-05-18 20:28:32'),
(219, 3, 17, 56, '2024-05-18', 'true', '26', '2024-05-18 20:28:32', '2024-05-18 20:28:32'),
(220, 3, 17, 57, '2024-05-18', 'true', '26', '2024-05-18 20:28:32', '2024-05-18 20:28:32'),
(221, 3, 17, 58, '2024-05-18', 'false', '26', '2024-05-18 20:28:32', '2024-05-18 20:28:32'),
(222, 3, 17, 63, '2024-05-18', 'true', '26', '2024-05-18 20:28:32', '2024-05-18 20:28:32'),
(223, 3, 17, 64, '2024-05-18', 'true', '26', '2024-05-18 20:28:32', '2024-05-18 20:28:32'),
(224, 3, 17, 65, '2024-05-18', 'true', '26', '2024-05-18 20:28:32', '2024-05-18 20:28:32'),
(225, 3, 17, 67, '2024-05-18', 'true', '26', '2024-05-18 20:28:32', '2024-05-18 20:28:32'),
(226, 3, 20, 66, '2024-05-20', 'true', '60', '2024-05-20 16:08:00', '2024-05-20 16:08:00'),
(227, 3, 20, 69, '2024-05-20', 'false', '60', '2024-05-20 16:08:00', '2024-05-20 16:08:00'),
(228, 3, 20, 70, '2024-05-20', 'false', '60', '2024-05-20 16:08:00', '2024-05-20 16:08:00'),
(229, 3, 20, 72, '2024-05-20', 'false', '60', '2024-05-20 16:08:00', '2024-05-20 16:08:00'),
(230, 3, 20, 71, '2024-05-20', 'true', '60', '2024-05-20 16:08:00', '2024-05-20 16:08:00'),
(231, 3, 20, 73, '2024-05-20', 'true', '60', '2024-05-20 16:08:00', '2024-05-20 16:08:00'),
(232, 3, 20, 74, '2024-05-20', 'true', '60', '2024-05-20 16:08:00', '2024-05-20 16:08:00'),
(233, 3, 20, 76, '2024-05-20', 'false', '60', '2024-05-20 16:08:00', '2024-05-20 16:08:00'),
(234, 3, 20, 77, '2024-05-20', 'true', '60', '2024-05-20 16:08:00', '2024-05-20 16:08:00'),
(235, 3, 20, 78, '2024-05-20', 'false', '60', '2024-05-20 16:08:00', '2024-05-20 16:08:00'),
(236, 3, 20, 79, '2024-05-20', 'true', '60', '2024-05-20 16:08:00', '2024-05-20 16:08:00'),
(237, 3, 20, 80, '2024-05-20', 'true', '60', '2024-05-20 16:08:00', '2024-05-20 16:08:00'),
(238, 3, 20, 81, '2024-05-20', 'true', '60', '2024-05-20 16:08:00', '2024-05-20 16:08:00'),
(239, 3, 18, 50, '2024-05-20', 'true', '26', '2024-05-20 18:50:54', '2024-05-20 18:50:54'),
(240, 3, 18, 49, '2024-05-20', 'true', '26', '2024-05-20 18:50:54', '2024-05-20 18:50:54'),
(241, 3, 18, 48, '2024-05-20', 'false', '26', '2024-05-20 18:50:54', '2024-05-20 18:50:54'),
(242, 3, 18, 47, '2024-05-20', 'true', '26', '2024-05-20 18:50:54', '2024-05-20 18:50:54'),
(243, 3, 18, 46, '2024-05-20', 'false', '26', '2024-05-20 18:50:54', '2024-05-20 18:50:54'),
(244, 3, 18, 45, '2024-05-20', 'true', '26', '2024-05-20 18:50:54', '2024-05-20 18:50:54'),
(245, 3, 18, 44, '2024-05-20', 'true', '26', '2024-05-20 18:50:54', '2024-05-20 18:50:54'),
(246, 3, 18, 43, '2024-05-20', 'true', '26', '2024-05-20 18:50:54', '2024-05-20 18:50:54'),
(247, 3, 18, 42, '2024-05-20', 'true', '26', '2024-05-20 18:50:54', '2024-05-20 18:50:54'),
(248, 3, 18, 41, '2024-05-20', 'false', '26', '2024-05-20 18:50:54', '2024-05-20 18:50:54'),
(249, 3, 18, 40, '2024-05-20', 'true', '26', '2024-05-20 18:50:54', '2024-05-20 18:50:54'),
(250, 3, 18, 61, '2024-05-20', 'false', '26', '2024-05-20 18:50:54', '2024-05-20 18:50:54'),
(251, 3, 18, 62, '2024-05-20', 'false', '26', '2024-05-20 18:50:54', '2024-05-20 18:50:54'),
(252, 3, 18, 24, '2024-05-20', 'true', '26', '2024-05-20 18:50:54', '2024-05-20 18:50:54'),
(253, 3, 18, 22, '2024-05-20', 'true', '26', '2024-05-20 18:50:54', '2024-05-20 18:50:54'),
(254, 3, 18, 23, '2024-05-20', 'true', '26', '2024-05-20 18:50:54', '2024-05-20 18:50:54');

-- --------------------------------------------------------

--
-- Структура таблицы `eslatmas`
--

CREATE TABLE `eslatmas` (
  `id` bigint(20) UNSIGNED NOT NULL,
  `filial_id` int(11) NOT NULL,
  `type` varchar(255) NOT NULL,
  `user_guruh_id` int(11) NOT NULL,
  `text` varchar(255) NOT NULL,
  `status` varchar(255) NOT NULL,
  `admin_id` int(11) NOT NULL,
  `created_at` timestamp NULL DEFAULT NULL,
  `updated_at` timestamp NULL DEFAULT NULL
) ENGINE=InnoDB DEFAULT CHARSET=utf8mb4 COLLATE=utf8mb4_unicode_ci;

--
-- Дамп данных таблицы `eslatmas`
--

INSERT INTO `eslatmas` (`id`, `filial_id`, `type`, `user_guruh_id`, `text`, `status`, `admin_id`, `created_at`, `updated_at`) VALUES
(1, 3, 'user', 23, 'yangi kelgan', 'false', 19, '2024-05-03 11:17:30', '2024-05-03 11:17:53'),
(2, 3, 'user', 62, 'To\'lov qillmagan', 'false', 19, '2024-05-07 10:38:02', '2024-05-07 10:38:35');

-- --------------------------------------------------------

--
-- Структура таблицы `failed_jobs`
--

CREATE TABLE `failed_jobs` (
  `id` bigint(20) UNSIGNED NOT NULL,
  `uuid` varchar(255) NOT NULL,
  `connection` text NOT NULL,
  `queue` text NOT NULL,
  `payload` longtext NOT NULL,
  `exception` longtext NOT NULL,
  `failed_at` timestamp NOT NULL DEFAULT current_timestamp()
) ENGINE=InnoDB DEFAULT CHARSET=utf8mb4 COLLATE=utf8mb4_unicode_ci;

--
-- Дамп данных таблицы `failed_jobs`
--

INSERT INTO `failed_jobs` (`id`, `uuid`, `connection`, `queue`, `payload`, `exception`, `failed_at`) VALUES
(1, '1b67f23b-db85-487b-aadc-36222d96cc95', 'database', 'default', '{\"uuid\":\"1b67f23b-db85-487b-aadc-36222d96cc95\",\"displayName\":\"App\\\\Jobs\\\\TashrifMessege\",\"job\":\"Illuminate\\\\Queue\\\\CallQueuedHandler@call\",\"maxTries\":null,\"maxExceptions\":null,\"failOnTimeout\":false,\"backoff\":null,\"timeout\":null,\"retryUntil\":null,\"data\":{\"commandName\":\"App\\\\Jobs\\\\TashrifMessege\",\"command\":\"O:23:\\\"App\\\\Jobs\\\\TashrifMessege\\\":3:{s:5:\\\"phone\\\";s:13:\\\"+998908830450\\\";s:4:\\\"text\\\";s:6:\\\"Test 3\\\";s:11:\\\"SendMessege\\\";O:45:\\\"Illuminate\\\\Contracts\\\\Database\\\\ModelIdentifier\\\":5:{s:5:\\\"class\\\";s:22:\\\"App\\\\Models\\\\SendMessege\\\";s:2:\\\"id\\\";i:9;s:9:\\\"relations\\\";a:0:{}s:10:\\\"connection\\\";s:5:\\\"mysql\\\";s:15:\\\"collectionClass\\\";N;}}\"}}', 'Illuminate\\Queue\\MaxAttemptsExceededException: App\\Jobs\\TashrifMessege has been attempted too many times. in /home/u929278937/domains/atko.tech/public_html/KulleyevSchools/vendor/laravel/framework/src/Illuminate/Queue/MaxAttemptsExceededException.php:24\nStack trace:\n#0 /home/u929278937/domains/atko.tech/public_html/KulleyevSchools/vendor/laravel/framework/src/Illuminate/Queue/Worker.php(785): Illuminate\\Queue\\MaxAttemptsExceededException::forJob()\n#1 /home/u929278937/domains/atko.tech/public_html/KulleyevSchools/vendor/laravel/framework/src/Illuminate/Queue/Worker.php(519): Illuminate\\Queue\\Worker->maxAttemptsExceededException()\n#2 /home/u929278937/domains/atko.tech/public_html/KulleyevSchools/vendor/laravel/framework/src/Illuminate/Queue/Worker.php(428): Illuminate\\Queue\\Worker->markJobAsFailedIfAlreadyExceedsMaxAttempts()\n#3 /home/u929278937/domains/atko.tech/public_html/KulleyevSchools/vendor/laravel/framework/src/Illuminate/Queue/Worker.php(389): Illuminate\\Queue\\Worker->process()\n#4 /home/u929278937/domains/atko.tech/public_html/KulleyevSchools/vendor/laravel/framework/src/Illuminate/Queue/Worker.php(176): Illuminate\\Queue\\Worker->runJob()\n#5 /home/u929278937/domains/atko.tech/public_html/KulleyevSchools/vendor/laravel/framework/src/Illuminate/Queue/Console/WorkCommand.php(139): Illuminate\\Queue\\Worker->daemon()\n#6 /home/u929278937/domains/atko.tech/public_html/KulleyevSchools/vendor/laravel/framework/src/Illuminate/Queue/Console/WorkCommand.php(122): Illuminate\\Queue\\Console\\WorkCommand->runWorker()\n#7 /home/u929278937/domains/atko.tech/public_html/KulleyevSchools/vendor/laravel/framework/src/Illuminate/Container/BoundMethod.php(36): Illuminate\\Queue\\Console\\WorkCommand->handle()\n#8 /home/u929278937/domains/atko.tech/public_html/KulleyevSchools/vendor/laravel/framework/src/Illuminate/Container/Util.php(41): Illuminate\\Container\\BoundMethod::Illuminate\\Container\\{closure}()\n#9 /home/u929278937/domains/atko.tech/public_html/KulleyevSchools/vendor/laravel/framework/src/Illuminate/Container/BoundMethod.php(93): Illuminate\\Container\\Util::unwrapIfClosure()\n#10 /home/u929278937/domains/atko.tech/public_html/KulleyevSchools/vendor/laravel/framework/src/Illuminate/Container/BoundMethod.php(35): Illuminate\\Container\\BoundMethod::callBoundMethod()\n#11 /home/u929278937/domains/atko.tech/public_html/KulleyevSchools/vendor/laravel/framework/src/Illuminate/Container/Container.php(662): Illuminate\\Container\\BoundMethod::call()\n#12 /home/u929278937/domains/atko.tech/public_html/KulleyevSchools/vendor/laravel/framework/src/Illuminate/Console/Command.php(212): Illuminate\\Container\\Container->call()\n#13 /home/u929278937/domains/atko.tech/public_html/KulleyevSchools/vendor/symfony/console/Command/Command.php(279): Illuminate\\Console\\Command->execute()\n#14 /home/u929278937/domains/atko.tech/public_html/KulleyevSchools/vendor/laravel/framework/src/Illuminate/Console/Command.php(181): Symfony\\Component\\Console\\Command\\Command->run()\n#15 /home/u929278937/domains/atko.tech/public_html/KulleyevSchools/vendor/symfony/console/Application.php(1049): Illuminate\\Console\\Command->run()\n#16 /home/u929278937/domains/atko.tech/public_html/KulleyevSchools/vendor/symfony/console/Application.php(318): Symfony\\Component\\Console\\Application->doRunCommand()\n#17 /home/u929278937/domains/atko.tech/public_html/KulleyevSchools/vendor/symfony/console/Application.php(169): Symfony\\Component\\Console\\Application->doRun()\n#18 /home/u929278937/domains/atko.tech/public_html/KulleyevSchools/vendor/laravel/framework/src/Illuminate/Foundation/Console/Kernel.php(196): Symfony\\Component\\Console\\Application->run()\n#19 /home/u929278937/domains/atko.tech/public_html/KulleyevSchools/vendor/laravel/framework/src/Illuminate/Foundation/Application.php(1183): Illuminate\\Foundation\\Console\\Kernel->handle()\n#20 /home/u929278937/domains/atko.tech/public_html/KulleyevSchools/artisan(13): Illuminate\\Foundation\\Application->handleCommand()\n#21 {main}', '2024-05-18 21:43:25');

-- --------------------------------------------------------

--
-- Структура таблицы `filials`
--

CREATE TABLE `filials` (
  `id` bigint(20) UNSIGNED NOT NULL,
  `filial_name` varchar(255) NOT NULL,
  `filial_addres` varchar(255) NOT NULL,
  `naqt` int(11) DEFAULT NULL,
  `xarajat_naqt` int(11) DEFAULT NULL,
  `plastik` int(11) DEFAULT NULL,
  `xarajat_plastik` int(11) DEFAULT NULL,
  `payme` int(11) DEFAULT NULL,
  `xarajat_payme` int(11) DEFAULT NULL,
  `created_at` timestamp NULL DEFAULT NULL,
  `updated_at` timestamp NULL DEFAULT NULL
) ENGINE=InnoDB DEFAULT CHARSET=utf8mb4 COLLATE=utf8mb4_unicode_ci;

--
-- Дамп данных таблицы `filials`
--

INSERT INTO `filials` (`id`, `filial_name`, `filial_addres`, `naqt`, `xarajat_naqt`, `plastik`, `xarajat_plastik`, `payme`, `xarajat_payme`, `created_at`, `updated_at`) VALUES
(3, 'Kuliev\'s school', 'Alisher Navoiy kucha', 2510000, 8125000, 0, 0, 0, 0, '2024-05-02 10:10:58', '2024-05-13 16:02:33');

-- --------------------------------------------------------

--
-- Структура таблицы `filial_kassas`
--

CREATE TABLE `filial_kassas` (
  `id` bigint(20) UNSIGNED NOT NULL,
  `filial_id` int(11) NOT NULL,
  `tulov_naqt` int(11) DEFAULT NULL,
  `tulov_naqt_chiqim` int(11) DEFAULT NULL,
  `tulov_naqt_chiqim_tasdiqlandi` int(11) DEFAULT NULL,
  `tulov_plastik` int(11) DEFAULT NULL,
  `tulov_plastik_chiqim` int(11) DEFAULT NULL,
  `tulov_plastik_chiqim_tasdiqlandi` int(11) DEFAULT NULL,
  `tulov_chegirma` int(11) DEFAULT NULL,
  `tulov_naqt_xarajat` int(11) DEFAULT NULL,
  `tulov_naqt_xarajat_tasdiqlandi` int(11) DEFAULT NULL,
  `tulov_plastik_xarajat` int(11) DEFAULT NULL,
  `tulov_plastik_xarajat_tasdiqlandi` int(11) DEFAULT NULL,
  `tulov_naqt_ish_haqi` int(11) DEFAULT NULL,
  `tulov_plastik_ish_haqi` int(11) DEFAULT NULL,
  `created_at` timestamp NULL DEFAULT NULL,
  `updated_at` timestamp NULL DEFAULT NULL
) ENGINE=InnoDB DEFAULT CHARSET=utf8mb4 COLLATE=utf8mb4_unicode_ci;

--
-- Дамп данных таблицы `filial_kassas`
--

INSERT INTO `filial_kassas` (`id`, `filial_id`, `tulov_naqt`, `tulov_naqt_chiqim`, `tulov_naqt_chiqim_tasdiqlandi`, `tulov_plastik`, `tulov_plastik_chiqim`, `tulov_plastik_chiqim_tasdiqlandi`, `tulov_chegirma`, `tulov_naqt_xarajat`, `tulov_naqt_xarajat_tasdiqlandi`, `tulov_plastik_xarajat`, `tulov_plastik_xarajat_tasdiqlandi`, `tulov_naqt_ish_haqi`, `tulov_plastik_ish_haqi`, `created_at`, `updated_at`) VALUES
(3, 3, 2900000, 0, 10335000, 0, NULL, NULL, 350000, NULL, NULL, NULL, NULL, 300000, NULL, '2024-05-02 10:10:58', '2024-05-20 16:05:39');

-- --------------------------------------------------------

--
-- Структура таблицы `guruhs`
--

CREATE TABLE `guruhs` (
  `id` bigint(20) UNSIGNED NOT NULL,
  `filial_id` int(11) NOT NULL,
  `techer_id` int(11) NOT NULL,
  `cours_id` int(11) NOT NULL,
  `room_id` int(11) NOT NULL,
  `guruh_name` varchar(255) NOT NULL,
  `guruh_price` int(11) NOT NULL,
  `guruh_chegirma` int(11) NOT NULL,
  `guruh_admin_chegirma` int(11) NOT NULL,
  `techer_price` int(11) NOT NULL,
  `techer_bonus` int(11) NOT NULL,
  `guruh_status` varchar(255) NOT NULL,
  `guruh_start` varchar(255) NOT NULL,
  `guruh_end` varchar(255) DEFAULT NULL,
  `guruh_vaqt` varchar(255) NOT NULL,
  `admin_id` varchar(255) NOT NULL,
  `created_at` timestamp NULL DEFAULT NULL,
  `updated_at` timestamp NULL DEFAULT NULL
) ENGINE=InnoDB DEFAULT CHARSET=utf8mb4 COLLATE=utf8mb4_unicode_ci;

--
-- Дамп данных таблицы `guruhs`
--

INSERT INTO `guruhs` (`id`, `filial_id`, `techer_id`, `cours_id`, `room_id`, `guruh_name`, `guruh_price`, `guruh_chegirma`, `guruh_admin_chegirma`, `techer_price`, `techer_bonus`, `guruh_status`, `guruh_start`, `guruh_end`, `guruh_vaqt`, `admin_id`, `created_at`, `updated_at`) VALUES
(16, 3, 26, 2, 3, 'Oson 1', 300000, 0, 100000, 100000, 0, 'true', '2024-05-03', '2024-06-01', '7', '17', '2024-05-03 10:34:45', '2024-05-03 10:34:45'),
(17, 3, 26, 2, 2, 'Oson 1 juft 19:00 23.04.24', 300000, 0, 100000, 300000, 0, 'true', '2024-05-04', '2024-06-01', '8', '19', '2024-05-04 10:28:14', '2024-05-04 10:28:14'),
(18, 3, 26, 5, 3, 'Eps Topik toq 18:00', 300000, 0, 100000, 300000, 0, 'true', '2024-05-06', '2024-06-03', '8', '19', '2024-05-06 10:46:13', '2024-05-06 10:46:13'),
(19, 3, 26, 4, 3, 'Oson 1 toq 14:00', 300000, 0, 100000, 300000, 0, 'true', '2024-05-06', '2024-06-03', '5', '19', '2024-05-06 10:58:07', '2024-05-06 10:58:07'),
(20, 3, 60, 4, 3, 'Asilbek Oson 1 toq boshlang\'ich 16:00', 300000, 0, 100000, 150000, 0, 'true', '2024-05-08', '2024-06-05', '6', '19', '2024-05-06 11:20:39', '2024-05-06 11:21:23');

-- --------------------------------------------------------

--
-- Структура таблицы `guruh_times`
--

CREATE TABLE `guruh_times` (
  `id` bigint(20) UNSIGNED NOT NULL,
  `filial_id` int(11) NOT NULL,
  `guruh_id` int(11) NOT NULL,
  `room_id` int(11) NOT NULL,
  `dates` varchar(255) NOT NULL,
  `times` varchar(255) NOT NULL,
  `created_at` timestamp NULL DEFAULT NULL,
  `updated_at` timestamp NULL DEFAULT NULL
) ENGINE=InnoDB DEFAULT CHARSET=utf8mb4 COLLATE=utf8mb4_unicode_ci;

--
-- Дамп данных таблицы `guruh_times`
--

INSERT INTO `guruh_times` (`id`, `filial_id`, `guruh_id`, `room_id`, `dates`, `times`, `created_at`, `updated_at`) VALUES
(194, 3, 16, 3, '2024-05-04', '7', '2024-05-03 10:34:45', '2024-05-03 10:34:45'),
(195, 3, 16, 3, '2024-05-07', '7', '2024-05-03 10:34:45', '2024-05-03 10:34:45'),
(196, 3, 16, 3, '2024-05-09', '7', '2024-05-03 10:34:45', '2024-05-03 10:34:45'),
(197, 3, 16, 3, '2024-05-11', '7', '2024-05-03 10:34:45', '2024-05-03 10:34:45'),
(198, 3, 16, 3, '2024-05-14', '7', '2024-05-03 10:34:45', '2024-05-03 10:34:45'),
(199, 3, 16, 3, '2024-05-16', '7', '2024-05-03 10:34:45', '2024-05-03 10:34:45'),
(200, 3, 16, 3, '2024-05-18', '7', '2024-05-03 10:34:45', '2024-05-03 10:34:45'),
(201, 3, 16, 3, '2024-05-21', '7', '2024-05-03 10:34:45', '2024-05-03 10:34:45'),
(202, 3, 16, 3, '2024-05-23', '7', '2024-05-03 10:34:45', '2024-05-03 10:34:45'),
(203, 3, 16, 3, '2024-05-25', '7', '2024-05-03 10:34:45', '2024-05-03 10:34:45'),
(204, 3, 16, 3, '2024-05-28', '7', '2024-05-03 10:34:45', '2024-05-03 10:34:45'),
(205, 3, 16, 3, '2024-05-30', '7', '2024-05-03 10:34:45', '2024-05-03 10:34:45'),
(206, 3, 16, 3, '2024-06-01', '7', '2024-05-03 10:34:45', '2024-05-03 10:34:45'),
(207, 3, 17, 2, '2024-05-04', '8', '2024-05-04 10:28:14', '2024-05-04 10:28:14'),
(208, 3, 17, 2, '2024-05-07', '8', '2024-05-04 10:28:14', '2024-05-04 10:28:14'),
(209, 3, 17, 2, '2024-05-09', '8', '2024-05-04 10:28:14', '2024-05-04 10:28:14'),
(210, 3, 17, 2, '2024-05-11', '8', '2024-05-04 10:28:14', '2024-05-04 10:28:14'),
(211, 3, 17, 2, '2024-05-14', '8', '2024-05-04 10:28:14', '2024-05-04 10:28:14'),
(212, 3, 17, 2, '2024-05-16', '8', '2024-05-04 10:28:14', '2024-05-04 10:28:14'),
(213, 3, 17, 2, '2024-05-18', '8', '2024-05-04 10:28:14', '2024-05-04 10:28:14'),
(214, 3, 17, 2, '2024-05-21', '8', '2024-05-04 10:28:14', '2024-05-04 10:28:14'),
(215, 3, 17, 2, '2024-05-23', '8', '2024-05-04 10:28:14', '2024-05-04 10:28:14'),
(216, 3, 17, 2, '2024-05-25', '8', '2024-05-04 10:28:14', '2024-05-04 10:28:14'),
(217, 3, 17, 2, '2024-05-28', '8', '2024-05-04 10:28:14', '2024-05-04 10:28:14'),
(218, 3, 17, 2, '2024-05-30', '8', '2024-05-04 10:28:14', '2024-05-04 10:28:14'),
(219, 3, 17, 2, '2024-06-01', '8', '2024-05-04 10:28:14', '2024-05-04 10:28:14'),
(220, 3, 18, 3, '2024-05-06', '8', '2024-05-06 10:46:13', '2024-05-06 10:46:13'),
(221, 3, 18, 3, '2024-05-08', '8', '2024-05-06 10:46:13', '2024-05-06 10:46:13'),
(222, 3, 18, 3, '2024-05-10', '8', '2024-05-06 10:46:13', '2024-05-06 10:46:13'),
(223, 3, 18, 3, '2024-05-13', '8', '2024-05-06 10:46:13', '2024-05-06 10:46:13'),
(224, 3, 18, 3, '2024-05-15', '8', '2024-05-06 10:46:13', '2024-05-06 10:46:13'),
(225, 3, 18, 3, '2024-05-17', '8', '2024-05-06 10:46:13', '2024-05-06 10:46:13'),
(226, 3, 18, 3, '2024-05-20', '8', '2024-05-06 10:46:13', '2024-05-06 10:46:13'),
(227, 3, 18, 3, '2024-05-22', '8', '2024-05-06 10:46:13', '2024-05-06 10:46:13'),
(228, 3, 18, 3, '2024-05-24', '8', '2024-05-06 10:46:13', '2024-05-06 10:46:13'),
(229, 3, 18, 3, '2024-05-27', '8', '2024-05-06 10:46:13', '2024-05-06 10:46:13'),
(230, 3, 18, 3, '2024-05-29', '8', '2024-05-06 10:46:13', '2024-05-06 10:46:13'),
(231, 3, 18, 3, '2024-05-31', '8', '2024-05-06 10:46:13', '2024-05-06 10:46:13'),
(232, 3, 18, 3, '2024-06-03', '8', '2024-05-06 10:46:13', '2024-05-06 10:46:13'),
(233, 3, 19, 3, '2024-05-06', '5', '2024-05-06 10:58:07', '2024-05-06 10:58:07'),
(234, 3, 19, 3, '2024-05-08', '5', '2024-05-06 10:58:07', '2024-05-06 10:58:07'),
(235, 3, 19, 3, '2024-05-10', '5', '2024-05-06 10:58:07', '2024-05-06 10:58:07'),
(236, 3, 19, 3, '2024-05-13', '5', '2024-05-06 10:58:07', '2024-05-06 10:58:07'),
(237, 3, 19, 3, '2024-05-15', '5', '2024-05-06 10:58:07', '2024-05-06 10:58:07'),
(238, 3, 19, 3, '2024-05-17', '5', '2024-05-06 10:58:07', '2024-05-06 10:58:07'),
(239, 3, 19, 3, '2024-05-20', '5', '2024-05-06 10:58:07', '2024-05-06 10:58:07'),
(240, 3, 19, 3, '2024-05-22', '5', '2024-05-06 10:58:07', '2024-05-06 10:58:07'),
(241, 3, 19, 3, '2024-05-24', '5', '2024-05-06 10:58:07', '2024-05-06 10:58:07'),
(242, 3, 19, 3, '2024-05-27', '5', '2024-05-06 10:58:07', '2024-05-06 10:58:07'),
(243, 3, 19, 3, '2024-05-29', '5', '2024-05-06 10:58:07', '2024-05-06 10:58:07'),
(244, 3, 19, 3, '2024-05-31', '5', '2024-05-06 10:58:07', '2024-05-06 10:58:07'),
(245, 3, 19, 3, '2024-06-03', '5', '2024-05-06 10:58:07', '2024-05-06 10:58:07'),
(246, 3, 20, 3, '2024-05-08', '6', '2024-05-06 11:20:39', '2024-05-06 11:20:39'),
(247, 3, 20, 3, '2024-05-10', '6', '2024-05-06 11:20:39', '2024-05-06 11:20:39'),
(248, 3, 20, 3, '2024-05-13', '6', '2024-05-06 11:20:39', '2024-05-06 11:20:39'),
(249, 3, 20, 3, '2024-05-15', '6', '2024-05-06 11:20:39', '2024-05-06 11:20:39'),
(250, 3, 20, 3, '2024-05-17', '6', '2024-05-06 11:20:39', '2024-05-06 11:20:39'),
(251, 3, 20, 3, '2024-05-20', '6', '2024-05-06 11:20:39', '2024-05-06 11:20:39'),
(252, 3, 20, 3, '2024-05-22', '6', '2024-05-06 11:20:39', '2024-05-06 11:20:39'),
(253, 3, 20, 3, '2024-05-24', '6', '2024-05-06 11:20:39', '2024-05-06 11:20:39'),
(254, 3, 20, 3, '2024-05-27', '6', '2024-05-06 11:20:39', '2024-05-06 11:20:39'),
(255, 3, 20, 3, '2024-05-29', '6', '2024-05-06 11:20:39', '2024-05-06 11:20:39'),
(256, 3, 20, 3, '2024-05-31', '6', '2024-05-06 11:20:39', '2024-05-06 11:20:39'),
(257, 3, 20, 3, '2024-06-03', '6', '2024-05-06 11:20:39', '2024-05-06 11:20:39'),
(258, 3, 20, 3, '2024-06-05', '6', '2024-05-06 11:20:39', '2024-05-06 11:20:39');

-- --------------------------------------------------------

--
-- Структура таблицы `guruh_users`
--

CREATE TABLE `guruh_users` (
  `id` bigint(20) UNSIGNED NOT NULL,
  `filial_id` int(11) NOT NULL,
  `user_id` int(11) NOT NULL,
  `guruh_id` int(11) NOT NULL,
  `status` varchar(255) NOT NULL,
  `commit_start` varchar(255) NOT NULL,
  `admin_id_start` int(11) NOT NULL,
  `commit_end` varchar(255) DEFAULT NULL,
  `admin_id_end` int(11) DEFAULT NULL,
  `created_at` timestamp NULL DEFAULT NULL,
  `updated_at` timestamp NULL DEFAULT NULL
) ENGINE=InnoDB DEFAULT CHARSET=utf8mb4 COLLATE=utf8mb4_unicode_ci;

--
-- Дамп данных таблицы `guruh_users`
--

INSERT INTO `guruh_users` (`id`, `filial_id`, `user_id`, `guruh_id`, `status`, `commit_start`, `admin_id_start`, `commit_end`, `admin_id_end`, `created_at`, `updated_at`) VALUES
(6, 3, 25, 16, 'false', '4 dars qushildi', 17, 'dgd', 19, '2024-05-03 10:36:02', '2024-05-07 09:55:58'),
(7, 3, 24, 16, 'false', '4 dars qushildi', 17, 'boshqa guruh', 19, '2024-05-03 10:36:52', '2024-05-06 21:35:39'),
(8, 3, 23, 16, 'false', '4 dars qushildi', 17, 'hrththt', 19, '2024-05-03 10:37:45', '2024-05-07 09:55:40'),
(9, 3, 22, 16, 'false', '4 dars qushildi', 17, 'thht', 19, '2024-05-03 10:40:36', '2024-05-07 09:55:21'),
(10, 3, 20, 16, 'false', '4 dars', 17, 'boshqa guruh', 19, '2024-05-03 10:41:39', '2024-05-04 10:30:48'),
(11, 3, 20, 17, 'false', '1', 19, 'kemadi', 19, '2024-05-04 10:29:20', '2024-05-18 20:30:45'),
(12, 3, 29, 17, 'true', '1', 19, NULL, NULL, '2024-05-04 10:33:03', '2024-05-04 10:33:03'),
(13, 3, 28, 17, 'true', '1', 19, NULL, NULL, '2024-05-04 10:34:07', '2024-05-04 10:34:07'),
(14, 3, 55, 17, 'true', '1', 19, NULL, NULL, '2024-05-04 10:34:53', '2024-05-04 10:34:53'),
(15, 3, 30, 17, 'true', '1', 19, NULL, NULL, '2024-05-04 10:35:26', '2024-05-04 10:35:26'),
(16, 3, 31, 17, 'true', '1', 19, NULL, NULL, '2024-05-04 10:36:16', '2024-05-04 10:36:16'),
(17, 3, 32, 17, 'true', '1', 19, NULL, NULL, '2024-05-04 10:37:01', '2024-05-04 10:37:01'),
(18, 3, 51, 17, 'true', '1', 19, NULL, NULL, '2024-05-04 10:38:35', '2024-05-04 10:38:35'),
(19, 3, 52, 17, 'true', '1', 19, NULL, NULL, '2024-05-04 10:39:37', '2024-05-04 10:39:37'),
(20, 3, 53, 17, 'true', '1', 19, NULL, NULL, '2024-05-04 10:44:19', '2024-05-04 10:44:19'),
(21, 3, 27, 17, 'true', '1', 19, NULL, NULL, '2024-05-04 10:45:15', '2024-05-04 10:45:15'),
(22, 3, 54, 17, 'true', '1', 19, NULL, NULL, '2024-05-04 10:46:35', '2024-05-04 10:46:35'),
(23, 3, 56, 17, 'true', '1', 19, NULL, NULL, '2024-05-04 11:07:07', '2024-05-04 11:07:07'),
(24, 3, 57, 17, 'true', '1', 19, NULL, NULL, '2024-05-04 11:10:48', '2024-05-04 11:10:48'),
(25, 3, 58, 17, 'false', '1', 19, 'Kemadi', 19, '2024-05-04 11:11:45', '2024-05-18 20:31:38'),
(26, 3, 50, 18, 'true', '4 dars', 19, NULL, NULL, '2024-05-06 10:47:04', '2024-05-06 10:47:04'),
(27, 3, 49, 18, 'true', '4 dars', 19, NULL, NULL, '2024-05-06 10:47:29', '2024-05-06 10:47:29'),
(28, 3, 48, 18, 'true', '4 dars', 19, NULL, NULL, '2024-05-06 10:48:14', '2024-05-06 10:48:14'),
(29, 3, 47, 18, 'true', '4 dars', 19, NULL, NULL, '2024-05-06 10:48:39', '2024-05-06 10:48:39'),
(30, 3, 46, 18, 'true', '4 dars', 19, NULL, NULL, '2024-05-06 10:49:03', '2024-05-06 10:49:03'),
(31, 3, 45, 18, 'true', '4 dars', 19, NULL, NULL, '2024-05-06 10:49:20', '2024-05-06 10:49:20'),
(32, 3, 44, 18, 'true', '4 dars', 19, NULL, NULL, '2024-05-06 10:49:52', '2024-05-06 10:49:52'),
(33, 3, 43, 18, 'true', '4 dars', 19, NULL, NULL, '2024-05-06 10:52:03', '2024-05-06 10:52:03'),
(34, 3, 42, 18, 'true', '4 dars', 19, NULL, NULL, '2024-05-06 10:52:29', '2024-05-06 10:52:29'),
(35, 3, 41, 18, 'true', '4 dars', 19, NULL, NULL, '2024-05-06 10:53:23', '2024-05-06 10:53:23'),
(36, 3, 40, 18, 'true', '4 dars', 19, NULL, NULL, '2024-05-06 10:53:49', '2024-05-06 10:53:49'),
(37, 3, 61, 18, 'true', '4 dars', 19, NULL, NULL, '2024-05-06 19:11:57', '2024-05-06 19:11:57'),
(38, 3, 62, 18, 'true', '4 dars', 19, NULL, NULL, '2024-05-06 19:13:56', '2024-05-06 19:13:56'),
(39, 3, 24, 18, 'true', '4 dars', 19, NULL, NULL, '2024-05-06 19:57:01', '2024-05-06 19:57:01'),
(40, 3, 22, 18, 'true', '4 dars', 19, NULL, NULL, '2024-05-07 09:54:41', '2024-05-07 09:54:41'),
(41, 3, 25, 19, 'false', '4 dars', 19, 'ketdi', 19, '2024-05-07 09:57:41', '2024-05-20 15:33:16'),
(42, 3, 38, 19, 'true', '4 dars', 19, NULL, NULL, '2024-05-07 09:59:24', '2024-05-07 09:59:24'),
(43, 3, 37, 19, 'true', '4 dars', 19, NULL, NULL, '2024-05-07 10:00:11', '2024-05-07 10:00:11'),
(44, 3, 35, 19, 'true', '4 dars', 19, NULL, NULL, '2024-05-07 10:01:13', '2024-05-07 10:01:13'),
(45, 3, 34, 19, 'true', '4 dars', 19, NULL, NULL, '2024-05-07 10:01:54', '2024-05-07 10:01:54'),
(46, 3, 33, 19, 'true', '4 dars', 19, NULL, NULL, '2024-05-07 10:02:20', '2024-05-07 10:02:20'),
(47, 3, 36, 19, 'true', '4 dars', 19, NULL, NULL, '2024-05-07 10:03:27', '2024-05-07 10:03:27'),
(48, 3, 63, 17, 'true', '4 dars', 19, NULL, NULL, '2024-05-07 19:45:53', '2024-05-07 19:45:53'),
(49, 3, 64, 17, 'true', '4 dars', 19, NULL, NULL, '2024-05-07 19:47:33', '2024-05-07 19:47:33'),
(50, 3, 65, 17, 'true', '4 dars', 19, NULL, NULL, '2024-05-07 19:49:17', '2024-05-07 19:49:17'),
(51, 3, 67, 17, 'true', '4 dars', 19, NULL, NULL, '2024-05-09 20:02:24', '2024-05-09 20:02:24'),
(52, 3, 23, 18, 'true', '4 dars', 19, NULL, NULL, '2024-05-10 15:27:36', '2024-05-10 15:27:36'),
(53, 3, 66, 20, 'true', '1', 21, NULL, NULL, '2024-05-13 15:58:05', '2024-05-13 15:58:05'),
(54, 3, 69, 20, 'true', '1', 21, NULL, NULL, '2024-05-13 16:06:00', '2024-05-13 16:06:00'),
(55, 3, 70, 20, 'true', '1', 21, NULL, NULL, '2024-05-13 16:10:35', '2024-05-13 16:10:35'),
(56, 3, 72, 20, 'true', '1', 21, NULL, NULL, '2024-05-13 16:21:36', '2024-05-13 16:21:36'),
(57, 3, 71, 20, 'true', '1', 21, NULL, NULL, '2024-05-13 16:22:11', '2024-05-13 16:22:11'),
(58, 3, 73, 20, 'true', '1', 21, NULL, NULL, '2024-05-13 16:23:52', '2024-05-13 16:23:52'),
(59, 3, 74, 20, 'true', '1', 21, NULL, NULL, '2024-05-13 16:25:58', '2024-05-13 16:25:58'),
(60, 3, 76, 20, 'true', '1', 21, NULL, NULL, '2024-05-13 16:30:01', '2024-05-13 16:30:01'),
(61, 3, 75, 20, 'false', '1', 21, 'kemadi', 19, '2024-05-13 16:30:44', '2024-05-15 17:47:22'),
(62, 3, 77, 20, 'true', '1', 21, NULL, NULL, '2024-05-13 16:34:50', '2024-05-13 16:34:50'),
(63, 3, 78, 20, 'true', '1', 21, NULL, NULL, '2024-05-13 16:37:54', '2024-05-13 16:37:54'),
(64, 3, 79, 20, 'true', '1', 21, NULL, NULL, '2024-05-13 16:42:38', '2024-05-13 16:42:38'),
(65, 3, 80, 20, 'true', '1', 19, NULL, NULL, '2024-05-13 17:56:45', '2024-05-13 17:56:45'),
(66, 3, 81, 20, 'true', '1', 19, NULL, NULL, '2024-05-15 20:49:44', '2024-05-15 20:49:44'),
(67, 3, 82, 19, 'true', '1', 19, NULL, NULL, '2024-05-18 15:15:00', '2024-05-18 15:15:00'),
(68, 3, 84, 19, 'true', '1', 19, NULL, NULL, '2024-05-20 15:41:15', '2024-05-20 15:41:15');

-- --------------------------------------------------------

--
-- Структура таблицы `ish_haqis`
--

CREATE TABLE `ish_haqis` (
  `id` bigint(20) UNSIGNED NOT NULL,
  `filial_id` int(11) NOT NULL,
  `user_id` int(11) NOT NULL,
  `summa` int(11) NOT NULL,
  `type` varchar(255) NOT NULL,
  `status` varchar(255) NOT NULL,
  `about` varchar(255) NOT NULL,
  `admin_id` int(11) NOT NULL,
  `created_at` timestamp NULL DEFAULT NULL,
  `updated_at` timestamp NULL DEFAULT NULL
) ENGINE=InnoDB DEFAULT CHARSET=utf8mb4 COLLATE=utf8mb4_unicode_ci;

--
-- Дамп данных таблицы `ish_haqis`
--

INSERT INTO `ish_haqis` (`id`, `filial_id`, `user_id`, `summa`, `type`, `status`, `about`, `admin_id`, `created_at`, `updated_at`) VALUES
(4, 3, 26, 300000, 'Naqt', '16', '3 ta talaba', 19, '2024-05-04 10:58:02', '2024-05-04 10:58:02');

-- --------------------------------------------------------

--
-- Структура таблицы `jobs`
--

CREATE TABLE `jobs` (
  `id` bigint(20) UNSIGNED NOT NULL,
  `queue` varchar(255) NOT NULL,
  `payload` longtext NOT NULL,
  `attempts` tinyint(3) UNSIGNED NOT NULL,
  `reserved_at` int(10) UNSIGNED DEFAULT NULL,
  `available_at` int(10) UNSIGNED NOT NULL,
  `created_at` int(10) UNSIGNED NOT NULL
) ENGINE=InnoDB DEFAULT CHARSET=utf8mb4 COLLATE=utf8mb4_unicode_ci;

--
-- Дамп данных таблицы `jobs`
--

INSERT INTO `jobs` (`id`, `queue`, `payload`, `attempts`, `reserved_at`, `available_at`, `created_at`) VALUES
(14, 'default', '{\"uuid\":\"0b586c5a-939d-429e-8003-c284b034741b\",\"displayName\":\"App\\\\Jobs\\\\TashrifMessege\",\"job\":\"Illuminate\\\\Queue\\\\CallQueuedHandler@call\",\"maxTries\":null,\"maxExceptions\":null,\"failOnTimeout\":false,\"backoff\":null,\"timeout\":null,\"retryUntil\":null,\"data\":{\"commandName\":\"App\\\\Jobs\\\\TashrifMessege\",\"command\":\"O:23:\\\"App\\\\Jobs\\\\TashrifMessege\\\":3:{s:5:\\\"phone\\\";s:13:\\\"+998908830450\\\";s:4:\\\"text\\\";s:5:\\\"test6\\\";s:11:\\\"SendMessege\\\";O:45:\\\"Illuminate\\\\Contracts\\\\Database\\\\ModelIdentifier\\\":5:{s:5:\\\"class\\\";s:22:\\\"App\\\\Models\\\\SendMessege\\\";s:2:\\\"id\\\";i:11;s:9:\\\"relations\\\";a:0:{}s:10:\\\"connection\\\";s:5:\\\"mysql\\\";s:15:\\\"collectionClass\\\";N;}}\"}}', 0, NULL, 1716050758, 1716050758),
(15, 'default', '{\"uuid\":\"bee8c7ed-4962-4676-a312-3a4d19e8598e\",\"displayName\":\"App\\\\Jobs\\\\TashrifMessege\",\"job\":\"Illuminate\\\\Queue\\\\CallQueuedHandler@call\",\"maxTries\":null,\"maxExceptions\":null,\"failOnTimeout\":false,\"backoff\":null,\"timeout\":null,\"retryUntil\":null,\"data\":{\"commandName\":\"App\\\\Jobs\\\\TashrifMessege\",\"command\":\"O:23:\\\"App\\\\Jobs\\\\TashrifMessege\\\":3:{s:5:\\\"phone\\\";s:13:\\\"+998908830450\\\";s:4:\\\"text\\\";s:4:\\\"Test\\\";s:11:\\\"SendMessege\\\";O:45:\\\"Illuminate\\\\Contracts\\\\Database\\\\ModelIdentifier\\\":5:{s:5:\\\"class\\\";s:22:\\\"App\\\\Models\\\\SendMessege\\\";s:2:\\\"id\\\";i:12;s:9:\\\"relations\\\";a:0:{}s:10:\\\"connection\\\";s:5:\\\"mysql\\\";s:15:\\\"collectionClass\\\";N;}}\"}}', 0, NULL, 1716051257, 1716051257);

-- --------------------------------------------------------

--
-- Структура таблицы `job_batches`
--

CREATE TABLE `job_batches` (
  `id` varchar(255) NOT NULL,
  `name` varchar(255) NOT NULL,
  `total_jobs` int(11) NOT NULL,
  `pending_jobs` int(11) NOT NULL,
  `failed_jobs` int(11) NOT NULL,
  `failed_job_ids` longtext NOT NULL,
  `options` mediumtext DEFAULT NULL,
  `cancelled_at` int(11) DEFAULT NULL,
  `created_at` int(11) NOT NULL,
  `finished_at` int(11) DEFAULT NULL
) ENGINE=InnoDB DEFAULT CHARSET=utf8mb4 COLLATE=utf8mb4_unicode_ci;

-- --------------------------------------------------------

--
-- Структура таблицы `mavjud_ish_haqis`
--

CREATE TABLE `mavjud_ish_haqis` (
  `id` bigint(20) UNSIGNED NOT NULL,
  `filial_id` int(11) NOT NULL,
  `naqt` varchar(255) NOT NULL,
  `plastik` varchar(255) NOT NULL,
  `created_at` timestamp NULL DEFAULT NULL,
  `updated_at` timestamp NULL DEFAULT NULL
) ENGINE=InnoDB DEFAULT CHARSET=utf8mb4 COLLATE=utf8mb4_unicode_ci;

--
-- Дамп данных таблицы `mavjud_ish_haqis`
--

INSERT INTO `mavjud_ish_haqis` (`id`, `filial_id`, `naqt`, `plastik`, `created_at`, `updated_at`) VALUES
(1, 3, '0', '0', '2024-05-18 14:27:29', '2024-05-18 14:27:29');

-- --------------------------------------------------------

--
-- Структура таблицы `migrations`
--

CREATE TABLE `migrations` (
  `id` int(10) UNSIGNED NOT NULL,
  `migration` varchar(255) NOT NULL,
  `batch` int(11) NOT NULL
) ENGINE=InnoDB DEFAULT CHARSET=utf8mb4 COLLATE=utf8mb4_unicode_ci;

--
-- Дамп данных таблицы `migrations`
--

INSERT INTO `migrations` (`id`, `migration`, `batch`) VALUES
(1, '0001_01_01_000000_create_users_table', 1),
(2, '0001_01_01_000001_create_cache_table', 1),
(3, '0001_01_01_000002_create_jobs_table', 1),
(4, '2024_04_06_081344_create_filials_table', 1),
(5, '2024_04_06_085103_create_filial_kassas_table', 1),
(6, '2024_04_06_130511_create_rooms_table', 1),
(7, '2024_04_06_134818_create_tulov_settings_table', 1),
(8, '2024_04_06_163936_create_admin_kassas_table', 1),
(9, '2024_04_06_191232_create_ish_haqis_table', 1),
(10, '2024_04_07_091323_create_cours_table', 1),
(11, '2024_04_07_093241_create_guruhs_table', 1),
(12, '2024_04_07_093954_create_guruh_times_table', 1),
(13, '2024_04_11_182046_create_user_histories_table', 1),
(14, '2024_04_11_193008_create_guruh_users_table', 1),
(15, '2024_04_12_100742_create_tulovs_table', 1),
(16, '2024_04_13_175230_create_moliyas_table', 1),
(17, '2024_04_14_162128_create_eslatmas_table', 1),
(18, '2024_04_17_122951_create_murojats_table', 1),
(19, '2024_04_17_162956_create_transactions_table', 1),
(20, '2024_04_17_170735_create_personal_access_tokens_table', 1),
(21, '2024_04_19_185602_create_davomats_table', 1),
(22, '2024_04_21_163347_create_sms_centars_table', 1),
(23, '2024_04_21_200050_create_tulov_deletes_table', 1),
(24, '2024_04_21_215630_create_chegirma_days_table', 1),
(25, '2024_04_24_102207_create_settings_table', 2),
(26, '2024_04_26_003717_create_sms_counters_table', 3),
(27, '2024_04_26_114923_create_tests_table', 3),
(28, '2024_04_26_160316_create_test_natijas_table', 4);

-- --------------------------------------------------------

--
-- Структура таблицы `moliyas`
--

CREATE TABLE `moliyas` (
  `id` bigint(20) UNSIGNED NOT NULL,
  `filial_id` int(11) NOT NULL,
  `xodisa` varchar(255) NOT NULL,
  `summa` int(11) NOT NULL,
  `type` varchar(255) NOT NULL,
  `status` varchar(255) NOT NULL,
  `about` varchar(255) NOT NULL,
  `user_id` int(11) NOT NULL,
  `admin_id` int(11) DEFAULT NULL,
  `created_at` timestamp NULL DEFAULT NULL,
  `updated_at` timestamp NULL DEFAULT NULL
) ENGINE=InnoDB DEFAULT CHARSET=utf8mb4 COLLATE=utf8mb4_unicode_ci;

--
-- Дамп данных таблицы `moliyas`
--

INSERT INTO `moliyas` (`id`, `filial_id`, `xodisa`, `summa`, `type`, `status`, `about`, `user_id`, `admin_id`, `created_at`, `updated_at`) VALUES
(1, 3, 'Chiqim', 300000, 'Naqt', 'true', 'gh', 17, 17, '2024-05-03 10:43:00', '2024-05-03 10:43:26'),
(3, 3, 'Chiqim', 2100000, 'Naqt', 'true', 'ddd', 19, 19, '2024-05-04 10:51:21', '2024-05-04 10:55:05'),
(4, 3, 'Qaytarildi', 300000, 'Naqt', 'true', 'oylik', 19, 19, '2024-05-04 10:56:51', '2024-05-04 10:56:51'),
(5, 3, 'XarajatAdmin', 2100000, 'Naqt', 'true', 'gggg', 19, 19, '2024-05-04 11:00:16', '2024-05-04 11:00:16'),
(6, 3, 'Chiqim', 600000, 'Naqt', 'true', 'uuygy', 19, 19, '2024-05-04 11:20:32', '2024-05-04 11:22:47'),
(7, 3, 'Chiqim', 100000, 'Naqt', 'true', 'ggdsgfd', 19, 19, '2024-05-04 18:56:46', '2024-05-04 18:56:52'),
(8, 3, 'Chiqim', 2950000, 'Naqt', 'true', 'OLINDI', 19, 19, '2024-05-06 11:03:53', '2024-05-06 11:04:02'),
(9, 3, 'Chiqim', 300000, 'Naqt', 'true', 'sdfsf', 19, 19, '2024-05-06 11:25:38', '2024-05-06 11:25:41'),
(10, 3, 'XarajatAdmin', 3950000, 'Naqt', 'true', 'dgdfg', 19, 19, '2024-05-06 11:26:17', '2024-05-06 11:26:17'),
(11, 3, 'Chiqim', 1775000, 'Naqt', 'true', 'dedd', 19, 19, '2024-05-07 10:06:27', '2024-05-07 10:06:32'),
(12, 3, 'XarajatAdmin', 1775000, 'Naqt', 'true', 'kerak', 19, 19, '2024-05-07 10:08:55', '2024-05-07 10:08:55'),
(13, 3, 'Chiqim', 2510000, 'Naqt', 'true', 'Olindi', 21, 19, '2024-05-13 16:00:30', '2024-05-13 16:02:33');

-- --------------------------------------------------------

--
-- Структура таблицы `murojats`
--

CREATE TABLE `murojats` (
  `id` bigint(20) UNSIGNED NOT NULL,
  `filial_id` int(11) NOT NULL,
  `user_id` int(11) NOT NULL,
  `user_type` varchar(255) NOT NULL,
  `admin_id` int(11) NOT NULL,
  `admin_type` varchar(255) NOT NULL,
  `status` varchar(255) NOT NULL,
  `text` varchar(255) NOT NULL,
  `created_at` timestamp NULL DEFAULT NULL,
  `updated_at` timestamp NULL DEFAULT NULL
) ENGINE=InnoDB DEFAULT CHARSET=utf8mb4 COLLATE=utf8mb4_unicode_ci;

-- --------------------------------------------------------

--
-- Структура таблицы `password_reset_tokens`
--

CREATE TABLE `password_reset_tokens` (
  `email` varchar(255) NOT NULL,
  `token` varchar(255) NOT NULL,
  `created_at` timestamp NULL DEFAULT NULL
) ENGINE=InnoDB DEFAULT CHARSET=utf8mb4 COLLATE=utf8mb4_unicode_ci;

-- --------------------------------------------------------

--
-- Структура таблицы `personal_access_tokens`
--

CREATE TABLE `personal_access_tokens` (
  `id` bigint(20) UNSIGNED NOT NULL,
  `tokenable_type` varchar(255) NOT NULL,
  `tokenable_id` bigint(20) UNSIGNED NOT NULL,
  `name` varchar(255) NOT NULL,
  `token` varchar(64) NOT NULL,
  `abilities` text DEFAULT NULL,
  `last_used_at` timestamp NULL DEFAULT NULL,
  `expires_at` timestamp NULL DEFAULT NULL,
  `created_at` timestamp NULL DEFAULT NULL,
  `updated_at` timestamp NULL DEFAULT NULL
) ENGINE=InnoDB DEFAULT CHARSET=utf8mb4 COLLATE=utf8mb4_unicode_ci;

-- --------------------------------------------------------

--
-- Структура таблицы `rooms`
--

CREATE TABLE `rooms` (
  `id` bigint(20) UNSIGNED NOT NULL,
  `filial_id` int(11) NOT NULL,
  `room_name` varchar(255) NOT NULL,
  `status` varchar(255) NOT NULL,
  `created_at` timestamp NULL DEFAULT NULL,
  `updated_at` timestamp NULL DEFAULT NULL
) ENGINE=InnoDB DEFAULT CHARSET=utf8mb4 COLLATE=utf8mb4_unicode_ci;

--
-- Дамп данных таблицы `rooms`
--

INSERT INTO `rooms` (`id`, `filial_id`, `room_name`, `status`, `created_at`, `updated_at`) VALUES
(2, 3, '1-xona', 'true', '2024-05-03 10:18:58', '2024-05-03 10:18:58'),
(3, 3, '2-xona', 'true', '2024-05-03 10:19:11', '2024-05-03 10:19:11');

-- --------------------------------------------------------

--
-- Структура таблицы `send_messeges`
--

CREATE TABLE `send_messeges` (
  `id` bigint(20) UNSIGNED NOT NULL,
  `phone` varchar(255) NOT NULL,
  `text` varchar(255) NOT NULL,
  `status` varchar(255) NOT NULL,
  `created_at` timestamp NULL DEFAULT NULL,
  `updated_at` timestamp NULL DEFAULT NULL
) ENGINE=InnoDB DEFAULT CHARSET=utf8mb4 COLLATE=utf8mb4_unicode_ci;

--
-- Дамп данных таблицы `send_messeges`
--

INSERT INTO `send_messeges` (`id`, `phone`, `text`, `status`, `created_at`, `updated_at`) VALUES
(5, '+998908830450', 'Test', 'Yuborildi', '2024-05-18 21:25:19', '2024-05-18 21:28:33'),
(6, '+998908830450', 'aaaa', 'Yuborildi', '2024-05-18 21:29:15', '2024-05-18 21:31:43'),
(7, '+998908830450', 'TRST01', 'Yuborildi', '2024-05-18 21:34:17', '2024-05-18 21:34:21'),
(8, '+998908830450', 'Test 2', 'Yuborildi', '2024-05-18 21:34:45', '2024-05-18 21:34:49'),
(9, '+998908830450', 'Test 3', 'Yuborilmoqda...', '2024-05-18 21:35:08', '2024-05-18 21:35:08'),
(10, '+998908830450', 'Test 5', 'Yuborildi', '2024-05-18 21:44:37', '2024-05-18 21:45:34'),
(11, '+998908830450', 'test6', 'Yuborilmoqda...', '2024-05-18 21:45:58', '2024-05-18 21:45:58'),
(12, '+998908830450', 'Test', 'Yuborilmoqda...', '2024-05-18 21:54:17', '2024-05-18 21:54:17');

-- --------------------------------------------------------

--
-- Структура таблицы `sessions`
--

CREATE TABLE `sessions` (
  `id` varchar(255) NOT NULL,
  `user_id` bigint(20) UNSIGNED DEFAULT NULL,
  `ip_address` varchar(45) DEFAULT NULL,
  `user_agent` text DEFAULT NULL,
  `payload` longtext NOT NULL,
  `last_activity` int(11) NOT NULL
) ENGINE=InnoDB DEFAULT CHARSET=utf8mb4 COLLATE=utf8mb4_unicode_ci;

--
-- Дамп данных таблицы `sessions`
--

INSERT INTO `sessions` (`id`, `user_id`, `ip_address`, `user_agent`, `payload`, `last_activity`) VALUES
('0QuVIDopzCmdrn57DFpF5l6UaQmonhQrCFE4sQCG', 26, '185.213.230.120', 'Mozilla/5.0 (iPhone; CPU iPhone OS 17_4_1 like Mac OS X) AppleWebKit/605.1.15 (KHTML, like Gecko) Version/17.4.1 Mobile/15E148 Safari/604.1', 'YTo0OntzOjY6Il90b2tlbiI7czo0MDoiQnBzeFFHRXFRZDhiUENDWEx1UUhnbEFoVjFid0YweGtPenc3V3V6diI7czo1MDoibG9naW5fd2ViXzU5YmEzNmFkZGMyYjJmOTQwMTU4MGYwMTRjN2Y1OGVhNGUzMDk4OWQiO2k6MjY7czo5OiJfcHJldmlvdXMiO2E6MTp7czozOiJ1cmwiO3M6NDY6Imh0dHBzOi8vbmV3Y3JtLWZpcnN0LmF0a28udGVjaC9UZWNoZXIvZ3VydWgvMTgiO31zOjY6Il9mbGFzaCI7YToyOntzOjM6Im9sZCI7YTowOnt9czozOiJuZXciO2E6MDp7fX19', 1716213054),
('9blARFHxxwQRzEjljIlQPSxX5v9dhOVtCoVw4DMF', NULL, '66.249.83.68', 'Mozilla/5.0 (X11; Linux x86_64) AppleWebKit/537.36 (KHTML, like Gecko) Chrome/56.0.2924.87 Safari/537.36 Google-PageRenderer Google (+https://developers.google.com/+/web/snippet/)', 'YTo0OntzOjY6Il90b2tlbiI7czo0MDoidk11cU16QzlMZ3k5b1RxUEdRcG5UdmdibVpZZ2tvd3Jjd1hVUFNoRCI7czozOiJ1cmwiO2E6MTp7czo4OiJpbnRlbmRlZCI7czozMDoiaHR0cHM6Ly9uZXdjcm0tZmlyc3QuYXRrby50ZWNoIjt9czo5OiJfcHJldmlvdXMiO2E6MTp7czozOiJ1cmwiO3M6MzA6Imh0dHBzOi8vbmV3Y3JtLWZpcnN0LmF0a28udGVjaCI7fXM6NjoiX2ZsYXNoIjthOjI6e3M6Mzoib2xkIjthOjA6e31zOjM6Im5ldyI7YTowOnt9fX0=', 1716201636),
('dLx0FU8jhB7QC4Mbx5lfQaEHImlOm8UEqiXSGwGz', 60, '2a09:bac5:d34a:505::80:108', 'Mozilla/5.0 (iPhone; CPU iPhone OS 17_5 like Mac OS X) AppleWebKit/605.1.15 (KHTML, like Gecko) Version/17.5 Mobile/15E148 Safari/604.1', 'YTo0OntzOjY6Il90b2tlbiI7czo0MDoiVjM0blRQaDFGNmdwRVVNdjd6elVvRXVGT3g4QXJuOEJNa1ZVNkFoOCI7czo1MDoibG9naW5fd2ViXzU5YmEzNmFkZGMyYjJmOTQwMTU4MGYwMTRjN2Y1OGVhNGUzMDk4OWQiO2k6NjA7czo5OiJfcHJldmlvdXMiO2E6MTp7czozOiJ1cmwiO3M6NDY6Imh0dHBzOi8vbmV3Y3JtLWZpcnN0LmF0a28udGVjaC9UZWNoZXIvZ3VydWgvMjAiO31zOjY6Il9mbGFzaCI7YToyOntzOjM6Im9sZCI7YTowOnt9czozOiJuZXciO2E6MDp7fX19', 1716203281),
('GWlhB5LzU33teMc54tRJa4PWOqUgz75cHpFMxOGV', NULL, '185.213.230.120', 'Mozilla/5.0 (Windows NT 10.0; Win64; x64) AppleWebKit/537.36 (KHTML, like Gecko) Chrome/124.0.0.0 Safari/537.36', 'YTo0OntzOjY6Il90b2tlbiI7czo0MDoiOWR6M2o5Q01GdVowWWxzSFo2Y2FJTjNXbXlBN21COW50cWZOaHdhbyI7czo2OiJfZmxhc2giO2E6Mjp7czozOiJvbGQiO2E6MDp7fXM6MzoibmV3IjthOjA6e319czozOiJ1cmwiO2E6MTp7czo4OiJpbnRlbmRlZCI7czozMDoiaHR0cHM6Ly9uZXdjcm0tZmlyc3QuYXRrby50ZWNoIjt9czo5OiJfcHJldmlvdXMiO2E6MTp7czozOiJ1cmwiO3M6MzY6Imh0dHBzOi8vbmV3Y3JtLWZpcnN0LmF0a28udGVjaC9sb2dpbiI7fX0=', 1716204980),
('J1CiRAFzoida7zRq9P9XmRKl14IfmTwI7lGYZxIE', 1, '213.230.87.143', 'Mozilla/5.0 (Windows NT 10.0; Win64; x64) AppleWebKit/537.36 (KHTML, like Gecko) Chrome/125.0.0.0 Safari/537.36', 'YTo2OntzOjY6Il90b2tlbiI7czo0MDoiZDM2dWFFVGVraURTblpncTBOVjJhRkptdVVUMzZKM1Jwak1KTURQeCI7czozOiJ1cmwiO2E6MDp7fXM6NjoiX2ZsYXNoIjthOjI6e3M6Mzoib2xkIjthOjA6e31zOjM6Im5ldyI7YTowOnt9fXM6NTA6ImxvZ2luX3dlYl81OWJhMzZhZGRjMmIyZjk0MDE1ODBmMDE0YzdmNThlYTRlMzA5ODlkIjtpOjE7czo0OiJhdXRoIjthOjE6e3M6MjE6InBhc3N3b3JkX2NvbmZpcm1lZF9hdCI7aToxNzE2MjIxMjc0O31zOjk6Il9wcmV2aW91cyI7YToxOntzOjM6InVybCI7czo0ODoiaHR0cHM6Ly9uZXdjcm0tZmlyc3QuYXRrby50ZWNoL1N1cGVyYWRtaW4vZmlsaWFsIjt9fQ==', 1716221936),
('ZadKzYBOirM69q5g5qyaEhfZ22YiiK8QaTOQS0bI', NULL, '66.249.83.67', 'Mozilla/5.0 (X11; Linux x86_64) AppleWebKit/537.36 (KHTML, like Gecko) Chrome/56.0.2924.87 Safari/537.36 Google-PageRenderer Google (+https://developers.google.com/+/web/snippet/)', 'YTozOntzOjY6Il90b2tlbiI7czo0MDoibXpsZEY3b1paVGdwd1Y2a0kxbTFoV3U0OTVOeks2c0RmMWlGd0xFMiI7czo5OiJfcHJldmlvdXMiO2E6MTp7czozOiJ1cmwiO3M6MzY6Imh0dHBzOi8vbmV3Y3JtLWZpcnN0LmF0a28udGVjaC9sb2dpbiI7fXM6NjoiX2ZsYXNoIjthOjI6e3M6Mzoib2xkIjthOjA6e31zOjM6Im5ldyI7YTowOnt9fX0=', 1716201637);

-- --------------------------------------------------------

--
-- Структура таблицы `settings`
--

CREATE TABLE `settings` (
  `id` bigint(20) UNSIGNED NOT NULL,
  `EndData` varchar(255) NOT NULL,
  `Username` varchar(255) NOT NULL,
  `Status` varchar(255) NOT NULL,
  `Summa` int(11) NOT NULL,
  `created_at` timestamp NULL DEFAULT NULL,
  `updated_at` timestamp NULL DEFAULT NULL
) ENGINE=InnoDB DEFAULT CHARSET=utf8mb4 COLLATE=utf8mb4_unicode_ci;

--
-- Дамп данных таблицы `settings`
--

INSERT INTO `settings` (`id`, `EndData`, `Username`, `Status`, `Summa`, `created_at`, `updated_at`) VALUES
(1, '2024-05-31', 'elshodatc1116', 'true', 15000, '2024-04-24 05:32:24', '2024-05-01 16:53:32');

-- --------------------------------------------------------

--
-- Структура таблицы `sms_centars`
--

CREATE TABLE `sms_centars` (
  `id` bigint(20) UNSIGNED NOT NULL,
  `filial_id` int(11) NOT NULL,
  `tkun` varchar(255) NOT NULL DEFAULT 'off',
  `tashrif` varchar(255) NOT NULL DEFAULT 'off',
  `tulov` varchar(255) NOT NULL DEFAULT 'off',
  `created_at` timestamp NULL DEFAULT NULL,
  `updated_at` timestamp NULL DEFAULT NULL
) ENGINE=InnoDB DEFAULT CHARSET=utf8mb4 COLLATE=utf8mb4_unicode_ci;

--
-- Дамп данных таблицы `sms_centars`
--

INSERT INTO `sms_centars` (`id`, `filial_id`, `tkun`, `tashrif`, `tulov`, `created_at`, `updated_at`) VALUES
(3, 3, 'on', 'on', 'on', '2024-05-02 10:10:58', '2024-05-06 11:07:14');

-- --------------------------------------------------------

--
-- Структура таблицы `sms_counters`
--

CREATE TABLE `sms_counters` (
  `id` bigint(20) UNSIGNED NOT NULL,
  `maxsms` int(11) NOT NULL DEFAULT 0,
  `counte` int(11) NOT NULL DEFAULT 0,
  `created_at` timestamp NULL DEFAULT NULL,
  `updated_at` timestamp NULL DEFAULT NULL
) ENGINE=InnoDB DEFAULT CHARSET=utf8mb4 COLLATE=utf8mb4_unicode_ci;

--
-- Дамп данных таблицы `sms_counters`
--

INSERT INTO `sms_counters` (`id`, `maxsms`, `counte`, `created_at`, `updated_at`) VALUES
(1, 26, 79, '2024-04-25 14:41:28', '2024-05-20 16:03:43');

-- --------------------------------------------------------

--
-- Структура таблицы `tests`
--

CREATE TABLE `tests` (
  `id` bigint(20) UNSIGNED NOT NULL,
  `cours_id` int(11) NOT NULL,
  `Savol` varchar(255) NOT NULL,
  `TJavob` varchar(255) NOT NULL,
  `NJavob1` varchar(255) NOT NULL,
  `NJavob2` varchar(255) NOT NULL,
  `NJavob3` varchar(255) NOT NULL,
  `created_at` timestamp NULL DEFAULT NULL,
  `updated_at` timestamp NULL DEFAULT NULL
) ENGINE=InnoDB DEFAULT CHARSET=utf8mb4 COLLATE=utf8mb4_unicode_ci;

-- --------------------------------------------------------

--
-- Структура таблицы `test_natijas`
--

CREATE TABLE `test_natijas` (
  `id` bigint(20) UNSIGNED NOT NULL,
  `filial_id` int(11) NOT NULL,
  `guruh_id` int(11) NOT NULL,
  `user_id` int(11) NOT NULL,
  `savol_count` int(11) NOT NULL,
  `tugri_count` int(11) NOT NULL,
  `notugri_count` int(11) NOT NULL,
  `ball` int(11) NOT NULL,
  `created_at` timestamp NULL DEFAULT NULL,
  `updated_at` timestamp NULL DEFAULT NULL
) ENGINE=InnoDB DEFAULT CHARSET=utf8mb4 COLLATE=utf8mb4_unicode_ci;

-- --------------------------------------------------------

--
-- Структура таблицы `transactions`
--

CREATE TABLE `transactions` (
  `id` bigint(20) UNSIGNED NOT NULL,
  `transaction` varchar(255) DEFAULT NULL,
  `code` varchar(255) DEFAULT NULL,
  `state` varchar(255) DEFAULT NULL,
  `owner_id` varchar(255) DEFAULT NULL,
  `amount` bigint(20) DEFAULT NULL,
  `reason` varchar(255) DEFAULT NULL,
  `payme_time` varchar(255) DEFAULT NULL,
  `cancel_time` varchar(255) DEFAULT NULL,
  `create_time` varchar(255) DEFAULT NULL,
  `perform_time` varchar(255) DEFAULT NULL,
  `created_at` timestamp NULL DEFAULT NULL,
  `updated_at` timestamp NULL DEFAULT NULL
) ENGINE=InnoDB DEFAULT CHARSET=utf8mb4 COLLATE=utf8mb4_unicode_ci;

-- --------------------------------------------------------

--
-- Структура таблицы `tulovs`
--

CREATE TABLE `tulovs` (
  `id` bigint(20) UNSIGNED NOT NULL,
  `filial_id` int(11) NOT NULL,
  `user_id` int(11) NOT NULL,
  `guruh_id` varchar(255) NOT NULL,
  `summa` int(11) NOT NULL,
  `type` varchar(255) NOT NULL,
  `status` varchar(255) NOT NULL,
  `about` varchar(255) DEFAULT NULL,
  `admin_id` int(11) NOT NULL,
  `created_at` timestamp NULL DEFAULT NULL,
  `updated_at` timestamp NULL DEFAULT NULL
) ENGINE=InnoDB DEFAULT CHARSET=utf8mb4 COLLATE=utf8mb4_unicode_ci;

--
-- Дамп данных таблицы `tulovs`
--

INSERT INTO `tulovs` (`id`, `filial_id`, `user_id`, `guruh_id`, `summa`, `type`, `status`, `about`, `admin_id`, `created_at`, `updated_at`) VALUES
(6, 3, 23, '16', 0, 'Chegirma', 'true', NULL, 17, '2024-05-03 10:38:42', '2024-05-03 10:38:42'),
(7, 3, 23, '16', 300000, 'Naqt', 'true', NULL, 17, '2024-05-03 10:38:42', '2024-05-03 10:38:42'),
(8, 3, 29, 'NULL', 300000, 'Naqt', 'true', NULL, 19, '2024-05-04 10:33:28', '2024-05-04 10:33:28'),
(9, 3, 28, 'NULL', 300000, 'Naqt', 'true', NULL, 19, '2024-05-04 10:34:20', '2024-05-04 10:34:20'),
(10, 3, 30, 'NULL', 300000, 'Naqt', 'true', NULL, 19, '2024-05-04 10:35:37', '2024-05-04 10:35:37'),
(11, 3, 31, 'NULL', 300000, 'Naqt', 'true', NULL, 19, '2024-05-04 10:36:31', '2024-05-04 10:36:31'),
(12, 3, 32, 'NULL', 300000, 'Naqt', 'true', NULL, 19, '2024-05-04 10:37:17', '2024-05-04 10:37:17'),
(13, 3, 51, 'NULL', 300000, 'Naqt', 'true', NULL, 19, '2024-05-04 10:38:47', '2024-05-04 10:38:47'),
(14, 3, 52, 'NULL', 300000, 'Naqt', 'true', NULL, 19, '2024-05-04 10:39:52', '2024-05-04 10:39:52'),
(15, 3, 56, 'NULL', 300000, 'Naqt', 'true', NULL, 19, '2024-05-04 11:07:16', '2024-05-04 11:07:16'),
(16, 3, 57, 'NULL', 300000, 'Naqt', 'true', NULL, 19, '2024-05-04 11:11:00', '2024-05-04 11:11:00'),
(17, 3, 58, 'NULL', 300000, 'Naqt', 'true', NULL, 19, '2024-05-04 11:11:53', '2024-05-04 11:11:53'),
(18, 3, 58, ' ', 300000, 'Qaytarildi (Naqt)', 'true', 'gjjj', 19, '2024-05-04 11:13:09', '2024-05-04 11:13:09'),
(19, 3, 20, 'NULL', 100000, 'Naqt', 'true', NULL, 19, '2024-05-04 18:55:45', '2024-05-04 18:55:45'),
(20, 3, 50, 'NULL', 300000, 'Naqt', 'true', NULL, 19, '2024-05-06 10:47:13', '2024-05-06 10:47:13'),
(21, 3, 49, 'NULL', 300000, 'Naqt', 'true', NULL, 19, '2024-05-06 10:47:40', '2024-05-06 10:47:40'),
(22, 3, 48, 'NULL', 300000, 'Naqt', 'true', NULL, 19, '2024-05-06 10:48:22', '2024-05-06 10:48:22'),
(23, 3, 47, 'NULL', 300000, 'Naqt', 'true', NULL, 19, '2024-05-06 10:48:46', '2024-05-06 10:48:46'),
(24, 3, 45, 'NULL', 300000, 'Naqt', 'true', NULL, 19, '2024-05-06 10:49:27', '2024-05-06 10:49:27'),
(25, 3, 44, 'NULL', 250000, 'Naqt', 'true', NULL, 19, '2024-05-06 10:51:10', '2024-05-06 10:51:10'),
(26, 3, 44, '18', 50000, 'Chegirma', 'true', 'fkh', 19, '2024-05-06 10:51:28', '2024-05-06 10:51:28'),
(27, 3, 43, 'NULL', 300000, 'Naqt', 'true', NULL, 19, '2024-05-06 10:52:10', '2024-05-06 10:52:10'),
(28, 3, 42, 'NULL', 300000, 'Naqt', 'true', NULL, 19, '2024-05-06 10:52:41', '2024-05-06 10:52:41'),
(29, 3, 41, 'NULL', 300000, 'Naqt', 'true', NULL, 19, '2024-05-06 10:53:31', '2024-05-06 10:53:31'),
(30, 3, 40, 'NULL', 300000, 'Naqt', 'true', NULL, 19, '2024-05-06 10:54:18', '2024-05-06 10:54:18'),
(31, 3, 59, 'NULL', 300000, 'Naqt', 'true', NULL, 19, '2024-05-06 11:07:45', '2024-05-06 11:07:45'),
(32, 3, 24, '18', 150000, 'Naqt', 'true', '15 kunlik', 19, '2024-05-06 21:36:56', '2024-05-06 21:36:56'),
(33, 3, 24, '18', 100000, 'Chegirma', 'true', '15', 19, '2024-05-06 21:38:37', '2024-05-06 21:38:37'),
(34, 3, 46, '18', 275000, 'Naqt', 'true', NULL, 19, '2024-05-06 21:40:08', '2024-05-06 21:40:08'),
(35, 3, 46, '18', 275000, 'Plastik', 'true', NULL, 19, '2024-05-06 21:40:08', '2024-05-06 21:40:08'),
(36, 3, 46, 'NULL', 250000, 'Naqt', 'true', NULL, 19, '2024-05-06 21:40:58', '2024-05-06 21:40:58'),
(37, 3, 46, ' ', 275000, 'Qaytarildi (Plastik)', 'true', 'vhtf', 19, '2024-05-06 21:41:42', '2024-05-06 21:41:42'),
(38, 3, 46, ' ', 225000, 'Qaytarildi (Naqt)', 'true', 'rdgfd', 19, '2024-05-06 21:42:25', '2024-05-06 21:42:25'),
(39, 3, 46, 'NULL', 275000, 'Naqt', 'true', NULL, 19, '2024-05-06 21:42:40', '2024-05-06 21:42:40'),
(40, 3, 25, 'NULL', 300000, 'Naqt', 'true', NULL, 19, '2024-05-07 09:58:33', '2024-05-07 09:58:33'),
(41, 3, 38, 'NULL', 300000, 'Naqt', 'true', NULL, 19, '2024-05-07 09:59:38', '2024-05-07 09:59:38'),
(42, 3, 37, 'NULL', 200000, 'Naqt', 'true', NULL, 19, '2024-05-07 10:00:27', '2024-05-07 10:00:27'),
(43, 3, 37, '19', 100000, 'Chegirma', 'true', 'Gaplashilgan', 19, '2024-05-07 10:00:47', '2024-05-07 10:00:47'),
(44, 3, 33, 'NULL', 250000, 'Naqt', 'true', NULL, 19, '2024-05-07 10:02:27', '2024-05-07 10:02:27'),
(45, 3, 33, '19', 50000, 'Chegirma', 'true', 'Gaplashilgan', 19, '2024-05-07 10:02:52', '2024-05-07 10:02:52'),
(46, 3, 59, 'NULL', 275000, 'Naqt', 'true', NULL, 19, '2024-05-07 10:26:33', '2024-05-07 10:26:33'),
(47, 3, 46, ' ', 275000, 'Qaytarildi (Naqt)', 'true', 'ftft', 19, '2024-05-07 10:27:19', '2024-05-07 10:27:19'),
(48, 3, 64, 'NULL', 150000, 'Naqt', 'true', NULL, 19, '2024-05-07 19:50:31', '2024-05-07 19:50:31'),
(49, 3, 20, 'NULL', 150000, 'Naqt', 'true', NULL, 19, '2024-05-07 20:29:07', '2024-05-07 20:29:07'),
(50, 3, 48, 'NULL', 150000, 'Naqt', 'true', NULL, 19, '2024-05-08 20:12:00', '2024-05-08 20:12:00'),
(51, 3, 48, ' ', 150000, 'Qaytarildi (Naqt)', 'true', 'chgh', 19, '2024-05-08 20:12:23', '2024-05-08 20:12:23'),
(52, 3, 67, 'NULL', 300000, 'Naqt', 'true', NULL, 19, '2024-05-09 20:05:23', '2024-05-09 20:05:23'),
(53, 3, 54, 'NULL', 300000, 'Naqt', 'true', NULL, 19, '2024-05-09 20:48:58', '2024-05-09 20:48:58'),
(54, 3, 23, 'NULL', 300000, 'Naqt', 'true', NULL, 19, '2024-05-10 15:27:49', '2024-05-10 15:27:49'),
(55, 3, 34, 'NULL', 250000, 'Naqt', 'true', NULL, 19, '2024-05-10 15:42:24', '2024-05-10 15:42:24'),
(56, 3, 41, 'NULL', 300000, 'Naqt', 'true', NULL, 19, '2024-05-10 19:53:50', '2024-05-10 19:53:50'),
(57, 3, 43, 'NULL', 150000, 'Naqt', 'true', NULL, 19, '2024-05-10 20:00:25', '2024-05-10 20:00:25'),
(58, 3, 57, 'NULL', 300000, 'Naqt', 'true', NULL, 19, '2024-05-11 20:35:35', '2024-05-11 20:35:35'),
(59, 3, 34, 'NULL', 50000, 'Naqt', 'true', NULL, 19, '2024-05-13 15:32:07', '2024-05-13 15:32:07'),
(60, 3, 35, 'NULL', 260000, 'Naqt', 'true', NULL, 19, '2024-05-13 15:32:57', '2024-05-13 15:32:57'),
(61, 3, 43, 'NULL', 50000, 'Naqt', 'true', NULL, 19, '2024-05-13 17:48:29', '2024-05-13 17:48:29'),
(62, 3, 44, 'NULL', 50000, 'Naqt', 'true', NULL, 19, '2024-05-13 17:53:41', '2024-05-13 17:53:41'),
(63, 3, 66, 'NULL', 300000, 'Naqt', 'true', NULL, 19, '2024-05-13 17:54:19', '2024-05-13 17:54:19'),
(64, 3, 74, 'NULL', 300000, 'Naqt', 'true', NULL, 19, '2024-05-13 17:55:02', '2024-05-13 17:55:02'),
(65, 3, 77, 'NULL', 300000, 'Naqt', 'true', NULL, 19, '2024-05-13 17:57:58', '2024-05-13 17:57:58'),
(66, 3, 73, 'NULL', 300000, 'Naqt', 'true', NULL, 19, '2024-05-15 17:41:49', '2024-05-15 17:41:49'),
(67, 3, 81, 'NULL', 300000, 'Naqt', 'true', NULL, 19, '2024-05-15 20:49:51', '2024-05-15 20:49:51'),
(68, 3, 27, 'NULL', 300000, 'Naqt', 'true', NULL, 19, '2024-05-18 19:13:32', '2024-05-18 19:13:32'),
(69, 3, 64, 'NULL', 100000, 'Naqt', 'true', NULL, 19, '2024-05-18 19:44:17', '2024-05-18 19:44:17'),
(70, 3, 64, '17', 50000, 'Chegirma', 'true', 'вщтшнщкпп', 19, '2024-05-18 19:44:51', '2024-05-18 19:44:51'),
(71, 3, 53, 'NULL', 300000, 'Naqt', 'true', NULL, 19, '2024-05-18 20:45:48', '2024-05-18 20:45:48'),
(72, 3, 84, 'NULL', 300000, 'Naqt', 'true', NULL, 19, '2024-05-20 15:41:27', '2024-05-20 15:41:27'),
(73, 3, 80, 'NULL', 300000, 'Naqt', 'true', NULL, 19, '2024-05-20 15:59:37', '2024-05-20 15:59:37'),
(74, 3, 80, 'NULL', 300000, 'Naqt', 'true', 'aa', 19, '2024-05-20 16:02:05', '2024-05-20 16:02:05'),
(75, 3, 80, 'NULL', 300000, 'Naqt', 'true', NULL, 19, '2024-05-20 16:03:19', '2024-05-20 16:03:19'),
(76, 3, 80, 'NULL', 300000, 'Naqt', 'true', NULL, 19, '2024-05-20 16:03:27', '2024-05-20 16:03:27'),
(77, 3, 80, 'NULL', 300000, 'Naqt', 'true', NULL, 19, '2024-05-20 16:03:41', '2024-05-20 16:03:41'),
(78, 3, 80, ' ', 900000, 'Qaytarildi (Naqt)', 'true', 'texnik xatolik', 19, '2024-05-20 16:04:55', '2024-05-20 16:04:55'),
(79, 3, 80, ' ', 300000, 'Qaytarildi (Naqt)', 'true', 'texnik xatolik', 19, '2024-05-20 16:05:39', '2024-05-20 16:05:39');

-- --------------------------------------------------------

--
-- Структура таблицы `tulov_deletes`
--

CREATE TABLE `tulov_deletes` (
  `id` bigint(20) UNSIGNED NOT NULL,
  `filial_id` int(11) NOT NULL,
  `user_id` int(11) NOT NULL,
  `summa` int(11) NOT NULL,
  `type` varchar(255) NOT NULL,
  `admin_id` int(11) NOT NULL,
  `created_at` timestamp NULL DEFAULT NULL,
  `updated_at` timestamp NULL DEFAULT NULL
) ENGINE=InnoDB DEFAULT CHARSET=utf8mb4 COLLATE=utf8mb4_unicode_ci;

-- --------------------------------------------------------

--
-- Структура таблицы `tulov_settings`
--

CREATE TABLE `tulov_settings` (
  `id` bigint(20) UNSIGNED NOT NULL,
  `filial_id` int(11) NOT NULL,
  `tulov_summa` int(11) NOT NULL,
  `chegirma` int(11) NOT NULL,
  `admin_chegirma` int(11) NOT NULL,
  `status` varchar(255) NOT NULL,
  `created_at` timestamp NULL DEFAULT NULL,
  `updated_at` timestamp NULL DEFAULT NULL
) ENGINE=InnoDB DEFAULT CHARSET=utf8mb4 COLLATE=utf8mb4_unicode_ci;

--
-- Дамп данных таблицы `tulov_settings`
--

INSERT INTO `tulov_settings` (`id`, `filial_id`, `tulov_summa`, `chegirma`, `admin_chegirma`, `status`, `created_at`, `updated_at`) VALUES
(2, 3, 300000, 0, 100000, 'true', '2024-05-03 10:23:31', '2024-05-03 10:23:31');

-- --------------------------------------------------------

--
-- Структура таблицы `t_kun_messeges`
--

CREATE TABLE `t_kun_messeges` (
  `id` bigint(20) UNSIGNED NOT NULL,
  `data` varchar(255) NOT NULL,
  `status` varchar(255) NOT NULL,
  `created_at` timestamp NULL DEFAULT NULL,
  `updated_at` timestamp NULL DEFAULT NULL
) ENGINE=InnoDB DEFAULT CHARSET=utf8mb4 COLLATE=utf8mb4_unicode_ci;

--
-- Дамп данных таблицы `t_kun_messeges`
--

INSERT INTO `t_kun_messeges` (`id`, `data`, `status`, `created_at`, `updated_at`) VALUES
(4, '2024-05-18', 'Yuborildi', '2024-05-18 21:24:09', '2024-05-18 21:24:12'),
(5, '2024-05-19', 'Tabrik yuborildi', '2024-05-19 15:24:05', '2024-05-19 15:24:05'),
(6, '2024-05-20', 'Tabrik yuborildi', '2024-05-20 15:31:22', '2024-05-20 15:31:22');

-- --------------------------------------------------------

--
-- Структура таблицы `users`
--

CREATE TABLE `users` (
  `id` bigint(20) UNSIGNED NOT NULL,
  `filial_id` varchar(255) NOT NULL,
  `name` varchar(255) NOT NULL,
  `phone` varchar(255) NOT NULL,
  `phone2` varchar(255) NOT NULL,
  `addres` varchar(255) NOT NULL,
  `tkun` varchar(255) NOT NULL,
  `type` varchar(255) NOT NULL,
  `status` varchar(255) NOT NULL,
  `about` varchar(255) NOT NULL,
  `smm` varchar(255) DEFAULT NULL,
  `balans` int(11) DEFAULT NULL,
  `email` varchar(255) NOT NULL,
  `email_verified_at` timestamp NULL DEFAULT NULL,
  `password` varchar(255) NOT NULL,
  `admin_id` varchar(255) NOT NULL,
  `remember_token` varchar(100) DEFAULT NULL,
  `created_at` timestamp NULL DEFAULT NULL,
  `updated_at` timestamp NULL DEFAULT NULL
) ENGINE=InnoDB DEFAULT CHARSET=utf8mb4 COLLATE=utf8mb4_unicode_ci;

--
-- Дамп данных таблицы `users`
--

INSERT INTO `users` (`id`, `filial_id`, `name`, `phone`, `phone2`, `addres`, `tkun`, `type`, `status`, `about`, `smm`, `balans`, `email`, `email_verified_at`, `password`, `admin_id`, `remember_token`, `created_at`, `updated_at`) VALUES
(1, '1', 'Elshod Musurmonov', '90 883 0450', '94 520 4004', 'Qarshi shahar', '1997-01-01', 'SuperAdmin', 'true', 'Create Register', 'Create Register', 0, 'elshodatc1116', NULL, '$2y$12$IRgL3E0ToJnINd456QFb5umByMM5fdtBsky7g0Tj1l2XrVH.//L/C', '1', 'rVFNumiU3HaaZQjRD4H7erPngwtmYRitN0MV2MqYmmizlv8lHAy4kJpORB6N', '2024-04-04 11:54:18', '2024-04-05 12:29:58'),
(17, '2', 'Murod', '90 883 0450', '90 883 0450', 'Qarshi shaxar', '2024-05-01', 'SuperAdmin', 'true', '12345678', 'null', 0, 'Murod01', NULL, '$2y$12$mX/K5NjFuUNA.rwlNlmJye2//tpWD2WfB8Ylvh79fp2xZJwBgIrWS', '1', NULL, '2024-05-01 18:54:33', '2024-05-01 18:54:33'),
(18, '2', 'Kuliev Olimjon', '88 294 6090', '88 294 6090', 'Qarshi sh.', '1997-06-28', 'Deleted', 'false', 'ADMIN', 'null', 0, 'Oo970628', NULL, '$2y$12$gBM6KNeqVRnCkqHFJncCROBOaUazu4KtCc9sD72C/RflJESGUkqaG', '17', NULL, '2024-05-02 10:20:44', '2024-05-02 10:21:23'),
(19, '2', 'Kuliev Olimjon', '88 294 6090', '88 294 6090', 'Qarshi sh.', '1997-06-28', 'SuperAdmin', 'true', 'ADMIN', 'null', 0, 'Oo19970628', NULL, '$2y$12$/l58G/INbWpMtImwgfc0e.vzRbR7rw8DskuMvf837yfkRqMsXLZl6', '17', 'pdoCIAoIqOy36PVTMk5ty5ZawPy1LahY96AnNeLn5y4G9YlkDaDIoBMRUPwq', '2024-05-02 10:29:46', '2024-05-02 11:12:37'),
(20, '3', 'Mamatqulov Tulqin', '77 262 2997', '77 262 2997', 'Qarshi shaxar', '1999-10-02', 'User', 'true', 'Ishga', 'Tanishlar', 250000, '6858513272', NULL, '$2y$12$R8iWdR6V7mCh4uEErpXsFeeJ3D/W.nJxf4aa5nQKAoxL2WAPX8qu.', '17', NULL, '2024-05-02 10:38:38', '2024-05-18 20:30:45'),
(21, '3', 'Meyliyeva Feruza', '94 081 5855', '94 081 5855', 'Qarshi sh.', '2002-02-21', 'Operator', 'true', 'Menejer', NULL, NULL, 'Feruza', NULL, '$2y$12$/RW3y2twVNSBzGdEBLLws.fWamr08jVBlJir48MlNpt6AlVNQ1XWC', '17', 'YqmHcHjSQYemakF275j8gHGPkIohtkiIYBqs6VGknknLmv65XTLHh2aCF4DL', '2024-05-02 10:42:03', '2024-05-02 10:42:03'),
(22, '3', 'Mannonov Abdulaziz', '97 312 1152', '33 765 0702', 'Qarshi shaxar', '1994-07-17', 'User', 'true', 'Ishga', 'Tanishlar', -600000, '15431879025', NULL, '$2y$12$YaBlTlxUg6ZsRmtZK5b1keUFCm973fFWGalmhpJ9hGFeSh6c20TBu', '21', NULL, '2024-05-02 17:33:46', '2024-05-07 09:54:41'),
(23, '3', 'Nabiyeva Marjona', '91 947 6136', '90 722 4937', 'Qarshi shaxar', '2004-04-17', 'User', 'true', 'uqish', 'Tanishlar', 0, '5143960095', NULL, '$2y$12$8M65I7e763fj8besjofJf.bVHzdrF8r0xexVYl5oVOpvAs0kSKBu6', '21', NULL, '2024-05-02 17:36:05', '2024-05-10 15:27:49'),
(24, '3', 'Asatova Go\'zal', '91 210 5330', '88 636 5857', 'Qarshi tuman', '0089-06-30', 'User', 'true', 'Ishga', 'Tanishlar', -50000, '5143960494', NULL, '$2y$12$WaGXPMldSdnO6tQaMfWNDOA0v1WuhK7NcpTm.zwGb6BiMEZrOhQnK', '21', NULL, '2024-05-02 17:38:19', '2024-05-06 21:38:37'),
(25, '3', 'Asatov Bekzod', '88 636 5857', '99 034 5857', 'Qarshi shaxar', '1991-11-05', 'User', 'true', 'Ishga', 'Tanishlar', 0, '5143960770', NULL, '$2y$12$yPxrfOmOsJP..KN/6tepCeIikxocFVXNnJXw6K9t8UemNv57LSa5.', '21', NULL, '2024-05-02 17:39:50', '2024-05-20 15:33:16'),
(26, '3', 'Kuliev Olimjon', '88 294 6090', '88 294 6090', 'Qarshi sh.', '1997-06-28', 'Techer', 'true', 'Koreada borib kelgan', NULL, NULL, 'Olim', NULL, '$2y$12$YRKgzMTt4ZNB7OztvaqZ5urupSAg/hyR0XH41aUG1To5haFr1TH46', '17', 'dB3DamWZMagsr5qm5y70qEDQ04rTAvHzZiH6sdhnqSz4HjTilTBgvLiDNyvY', '2024-05-03 10:29:42', '2024-05-06 10:41:18'),
(27, '3', 'Umarov Maqsudbek Uchqunbekovich', '88 315 0250', '88 315 0250', 'Qarshi shaxar', '2007-11-10', 'User', 'true', 'O`qish', 'Tanishlar', 0, '10288320054', NULL, '$2y$12$Ai865hNWwr55V8Ar85P8pubQYcIuheGpafN1npqqAh4tGj3c6FmjS', '19', NULL, '2024-05-03 12:06:49', '2024-05-18 19:13:32'),
(28, '3', 'Muhiddinov Asadbek Asliddin o`g`li', '90 871 2110', '90 871 2110', 'Qarshi shaxar', '2003-02-04', 'User', 'true', 'O`qish', 'Tanishlar', 0, '13717761304', NULL, '$2y$12$vswZIonAF/zuZib2hkSwYOsTYf46euCC6pcYETjqvYJMdSqh8nKk2', '19', NULL, '2024-05-03 12:09:23', '2024-05-04 10:34:20'),
(29, '3', 'Ergashev Otabek Ulug`bek o`g`li', '88 121 0221', '88 121 0221', 'Qarshi shaxar', '2007-02-21', 'User', 'true', 'O`qish', 'Tanishlar', 0, '12003042156', NULL, '$2y$12$XdxjMnnEraFj0oDJJo88uudklwXBCxOSKvLEuk50Nec51J/rSoX/y', '19', NULL, '2024-05-03 12:11:48', '2024-05-04 10:33:28'),
(30, '3', 'Hamraev Sunnat Hamdam o`g`li', '97 315 5507', '97 315 5507', 'Qarshi shaxar', '1992-06-21', 'User', 'true', 'Ishga', 'Tanishlar', 0, '8573602280', NULL, '$2y$12$SOjT0hAFGrDucmPOthd6L.Zo46HJxYp.6YPOYw2yTimS.3FAsgHRu', '19', NULL, '2024-05-03 12:14:16', '2024-05-04 10:35:37'),
(31, '3', 'Hamraev Bekzod', '90 867 2131', '90 867 2131', 'Qarshi shaxar', '2000-05-26', 'User', 'true', 'Ishga', 'Tanishlar', 0, '8573603550', NULL, '$2y$12$RisVdVIFuFvfHAVLbGaZOu8jnce.SmusPGjcw0xPLtm3SlWVNwyBm', '19', NULL, '2024-05-03 12:18:30', '2024-05-04 10:36:31'),
(32, '3', 'Bo`ronov Najotbek', '33 696 0075', '94 729 2805', 'Chiroqchi tuman', '2005-11-26', 'User', 'true', 'Ishga', 'Tanishlar', 0, '12003075476', NULL, '$2y$12$ouwfCXDmaYoDu4u0wuyPP.gg6gqnxC2XBk.NP34PwiTkpK86Bg.nC', '21', NULL, '2024-05-03 13:31:08', '2024-05-04 10:37:17'),
(33, '3', 'Sharopov Diyorbek', '91 470 6110', '91 451 0901', 'Qarshi tuman', '1998-06-07', 'User', 'true', 'Ishga', 'Tanishlar', 0, '10288365924', NULL, '$2y$12$ZD6hU23GGOS6Mk6UqgfQ4.DpFrNyea6GRP4hzlaYLpwS31Gy7kTUe', '21', NULL, '2024-05-03 14:14:15', '2024-05-07 10:02:52'),
(34, '3', 'To\"xtamurodov Jasur', '90 882 6768', '97 294 8797', 'Qarshi shaxar', '1999-10-17', 'User', 'true', 'Ishga', 'Tanishlar', 0, '10288366350', NULL, '$2y$12$VBz3pxB0gm1WTO0Pz9W6oOe.8oYM6Y1UVDgnVOIuMYe5GYzeUWDJm', '21', NULL, '2024-05-03 14:15:25', '2024-05-13 15:32:07'),
(35, '3', 'Ergashev Aliakbar', '88 413 0041', '88 246 5565', 'Qarshi shaxar', '2004-03-29', 'User', 'true', 'Ishga', 'Tanishlar', -40000, '6858911284', NULL, '$2y$12$okAnhZ0jkOv65zifSg9OVe04gbolwaschPxKZiLKCyrJtp/3wH94G', '21', NULL, '2024-05-03 14:17:01', '2024-05-13 15:32:57'),
(36, '3', 'Sag\'dullayeva Shaxina', '90 721 0118', '91 465 0118', 'Qarshi shaxar', '2014-06-14', 'User', 'true', 'O`qish', 'Tanishlar', -300000, '5144183763', NULL, '$2y$12$GM.5EkepTBujvKNrogFRAOBW2UGWEtMAGij2hjOFojlfLsc1cX5Di', '21', NULL, '2024-05-03 14:18:41', '2024-05-07 10:03:27'),
(37, '3', 'Hamitova Nozli', '90 517 5611', '91 638 1011', 'Qarshi shaxar', '2010-11-23', 'User', 'true', 'O`qish', 'Tanishlar', 0, '1714732236', NULL, '$2y$12$7xVxfE8gTXw9w9FQHRXnmuzjd4Nfywy4laWsfCdPB/UOzSnHiNKPS', '21', NULL, '2024-05-03 15:30:36', '2024-05-07 10:00:47'),
(38, '3', 'G\'ofurov Obid', '90 638 7101', '97 585 3245', 'Qarshi shaxar', '1991-01-28', 'User', 'true', 'Ishga', 'Tanishlar', 0, '12003126184', NULL, '$2y$12$xFyZ54OWIGbpYkfgPBeWiu8g/KaHD/TodvkChVPg9gTHpY9N.JtGm', '21', NULL, '2024-05-03 15:31:52', '2024-05-07 09:59:38'),
(39, '3', 'G\'ofurov Obid', '97 585 3245', '97 585 3245', 'Qarshi shaxar', '1991-01-28', 'User', 'true', 'Ishga', 'Tanishlar', NULL, '15432592464', NULL, '$2y$12$s0FN3d1JcPUtXzc962ei7.kWZlUY21TkaHo83XGVC7YmlC23MJMVS', '21', NULL, '2024-05-03 15:34:56', '2024-05-03 15:34:56'),
(40, '3', 'Eshmurodov Shag\'boz', '90 638 4020', '90 638 4020', 'Qarshi shaxar', '1992-06-14', 'User', 'true', 'Ishga', 'Tanishlar', 0, '6858968448', NULL, '$2y$12$pTd61bE6.1cpw4v1WCPoMOM5AnZ/bCulkSMrGtimpQosv5S/brGWm', '21', NULL, '2024-05-03 18:15:12', '2024-05-06 10:54:18'),
(41, '3', 'Ziyodullaev Mehroj', '93 937 0823', '93 420 5080', 'Ko\'kdala tuman', '2002-08-23', 'User', 'true', 'Ishga', 'Bannerlar', 300000, '10288453176', NULL, '$2y$12$m0ys2102V74FE5v8I5VI/.2I1zn8fZDdKJP4FBG0O18ZoG38l0sSm', '21', NULL, '2024-05-03 18:16:36', '2024-05-10 19:53:50'),
(42, '3', 'Jo\'rayev Syfullabek', '99 014 9547', '90 616 1868', 'Qarshi shaxar', '1995-11-10', 'User', 'true', 'Ishga', 'Tanishlar', 0, '15432680592', NULL, '$2y$12$O5J6l1lloJlbbp.oA1Tr2uBJGRhkOB6DplqRC8q43m4QmQTQ4vmUG', '21', NULL, '2024-05-03 18:18:08', '2024-05-06 10:52:41'),
(43, '3', 'Eshqorayev Bobosher', '97 803 5583', '88 879 0999', 'Koson tuman', '2000-12-22', 'User', 'true', 'Ishga', 'Tanishlar', 200000, '15432681402', NULL, '$2y$12$eKv3OZB5oTq/e4Alki0YsuKW6Y9Bdk5IgSdv8b4JB6KRasztRbND2', '21', NULL, '2024-05-03 18:19:38', '2024-05-13 17:48:29'),
(44, '3', 'Bo\'riyev Asadbek', '93 906 1670', '94 654 1272', 'Qarshi shaxar', '2010-02-25', 'User', 'true', 'O`qish', 'Tanishlar', 50000, '1714742444', NULL, '$2y$12$9m2/VsBv2TkXbWJYuh3Cz.9kZ5dhfzijnja2F6flg7rPrPm0OIfzG', '21', NULL, '2024-05-03 18:20:44', '2024-05-13 17:53:41'),
(45, '3', 'Inatov Jaxongir', '91 322 2120', '50 515 1161', 'Qarshi shaxar', '1990-12-21', 'User', 'true', 'Ishga', 'Tanishlar', 0, '6858970044', NULL, '$2y$12$Vm1BH5pzzy5ZH6GuO.CGH.lOHDuF7aYJ2U224RacWKYIUFgnAepfC', '21', NULL, '2024-05-03 18:21:51', '2024-05-06 10:49:27'),
(46, '3', 'G\'aniev Fazliddin', '50 010 4262', '91 460 9900', 'Qarshi shaxar', '1997-07-29', 'User', 'true', 'Ishga', 'Tanishlar', 0, '12003198081', NULL, '$2y$12$Etm2FMdz7Fc/7aPOF.lROeIKpab9OH0bocO.zbUjAl.QDIaIi/M6W', '21', NULL, '2024-05-03 18:23:03', '2024-05-07 10:27:19'),
(47, '3', 'Davronov Adham', '99 718 1908', '99 718 7833', 'Qarshi tuman', '1998-07-12', 'User', 'true', 'Ishga', 'Tanishlar', 0, '3429485300', NULL, '$2y$12$O3baU0HMEuCJxCeTjs3rW.5c9aQ8t4lnch6h8m0J0z2IcilnFUWtm', '21', NULL, '2024-05-03 18:24:10', '2024-05-06 10:48:46'),
(48, '3', 'Ruziqulov Javohir', '97 311 6696', '88 142 0812', 'Koson tuman', '2003-12-08', 'User', 'true', 'O`qish', 'Bannerlar', 0, '10288456338', NULL, '$2y$12$VYk8uMc.aXtV9/GtyJprB.AYEUDbUa0j66l9DpgosSmnPZ4yh7vvu', '21', NULL, '2024-05-03 18:25:24', '2024-05-08 20:12:23'),
(49, '3', 'Isanov Javohir', '88 950 3407', '88 428 3637', 'Qarshi tuman', '2007-06-20', 'User', 'true', 'Ishga', 'Tanishlar', 0, '8573714020', NULL, '$2y$12$OJg4Of3z7Wq2LuT1zqhRVO.hl/q95ae7UQm8x0AY4xwYerY.E77Wi', '21', NULL, '2024-05-03 18:26:44', '2024-05-06 10:47:40'),
(50, '3', 'Buriyev Umidillaxon', '90 878 4430', '99 113 4430', 'Qarshi tuman', '2006-06-08', 'User', 'true', 'Ishga', 'Tanishlar', 0, '13717942936', NULL, '$2y$12$a9agzwSYyuPeK9RQ.Rk0peWXN/X0GhgAUtmM61PeH/BEDFhJZl1jO', '21', NULL, '2024-05-03 18:27:47', '2024-05-06 10:47:13'),
(51, '3', 'Аlimov Abdunazar', '93 050 3104', '93 050 3104', 'Qarshi shaxar', '2004-03-05', 'User', 'true', 'O`qish', 'Tanishlar', 0, '12003203121', NULL, '$2y$12$o38Qbj9hgJnPLa5TdGOFVeeGLwJ/7S.c/gyPZd34ewZRo6PQRIT7q', '21', NULL, '2024-05-03 18:35:03', '2024-05-04 10:38:47'),
(52, '3', 'Ergashev Elbek', '95 705 1607', '95 705 1607', 'Qarshi shaxar', '2007-02-16', 'User', 'true', 'O`qish', 'Tanishlar', 0, '3429486750', NULL, '$2y$12$RNAQ37rTzbkZ7fVa5vOX2uhKEU8CFe.0w1yoY/tGUS/F36lu7ykXG', '21', NULL, '2024-05-03 18:36:15', '2024-05-04 10:39:52'),
(53, '3', 'Rustamov Yoqub', '91 643 1805', '91 643 1805', 'Qarshi shaxar', '2007-07-27', 'User', 'true', 'O`qish', 'Tanishlar', 0, '8573717295', NULL, '$2y$12$jI0QPxltr32rGg5aoCuA6e0zxz7EtFl9e/lFX/GyXZ/Sd5Gb/NsNa', '21', NULL, '2024-05-03 18:37:39', '2024-05-18 20:45:48'),
(54, '3', 'Yoldoshev Asilbek', '77 027 8319', '77 027 8319', 'Qarshi shaxar', '2007-09-09', 'User', 'true', 'O`qish', 'Tanishlar', 0, '15432691905', NULL, '$2y$12$.um1k5aE9NAhQRP5SYhp/uhz1tpIcg9tXBtVspsIFWfkHUxkrwl0G', '21', NULL, '2024-05-03 18:39:05', '2024-05-09 20:48:58'),
(55, '3', 'Raxmatullayev Doston', '88 301 1333', '88 301 1333', 'Qarshi shaxar', '1994-09-22', 'User', 'true', 'Ishga', 'Tanishlar', -300000, '13717949576', NULL, '$2y$12$6OS627xsJDWxKaSG2Thxa.KWx.NnVfX6vsVRxflnMSeKVw/iZsPTO', '21', NULL, '2024-05-03 18:41:37', '2024-05-04 10:34:53'),
(56, '3', 'Akbarova Maftuna', '90 673 0494', '90 673 0494', 'Qarshi shaxar', '1994-06-04', 'User', 'true', 'Ishga', 'Tanishlar', 0, '12003619642', NULL, '$2y$12$8IIfvuQPzu8MdJlHPC1dK.uXjM7yauvWlSa3AfxJWaoTh9nCtriGm', '19', NULL, '2024-05-04 11:06:46', '2024-05-04 11:07:16'),
(57, '3', 'Shodiyev Aziz', '90 885 2797', '90 885 2797', 'Qarshi shaxar', '1999-07-29', 'User', 'true', 'Ishga', 'Tanishlar', 300000, '13718423616', NULL, '$2y$12$q07627LiitN6HZjNyE.6P.TnhiSAhTuhEbk2GwmRhcD7NMphkaTG.', '19', NULL, '2024-05-04 11:09:12', '2024-05-11 20:35:35'),
(58, '3', 'Rajabov Shagboz', '93 695 0005', '93 695 0005', 'Qarshi shaxar', '1995-04-21', 'User', 'true', 'Ishga', 'Tanishlar', 0, '15433227270', NULL, '$2y$12$fYegKhIQpY60P1c8vhcOEe6fCmG.JPGYBoXlKUXC6OyB1Or9IKJja', '19', NULL, '2024-05-04 11:10:30', '2024-05-18 20:31:38'),
(59, '3', 'Kuliev Olimjon', '88 294 6090', '88 294 6090', 'Qarshi shaxar', '1997-06-28', 'User', 'true', 'Ishga', 'Tanishlar', 575000, '15434780409', NULL, '$2y$12$e3UCrjnMNWmBp5A71F387.mXu.FQX7nO6Mj9Bu.wTQSPXKbQx8vEa', '19', NULL, '2024-05-06 11:06:42', '2024-05-07 10:26:33'),
(60, '3', 'Kuliev Asilbek', '91 639 9565', '91 639 9565', 'Qarshi sh.', '2004-04-22', 'Techer', 'true', 'topik 4', NULL, NULL, 'Asilbek', NULL, '$2y$12$sQH1lDpdy.BGiOu71KkKMOqqz2uJnrDwbOwY1drPNmH1Cdtf7d8QC', '19', 'cmGhdCcqjqSDDAGWdzy3oFnhYby4JEe0s1zSyEgb9carosieaZ8G2Rkhm8JA', '2024-05-06 11:18:33', '2024-05-06 11:18:33'),
(61, '3', 'Aminov Feruz', '98 883 1515', '93 420 4442', 'Qarshi shaxar', '1996-08-28', 'User', 'true', 'Ishga', 'Tanishlar', -300000, '8575023425', NULL, '$2y$12$volAwvosfK.238TwHXiaH.CkqHCQ2oOG7MTT67eSPR45lR8Wj7C3C', '19', NULL, '2024-05-06 19:11:25', '2024-05-06 19:11:57'),
(62, '3', 'Musulmonov Abdulnur', '77 268 9003', '77 268 9003', 'Guzor tuman', '2003-11-01', 'User', 'true', 'Ishga', 'Bannerlar', -300000, '10290028848', NULL, '$2y$12$McHdlR0uDTCEeJdJhRzRVOl5FyGhyL5HRJ0Uiuahi42efHVnOrpC2', '19', NULL, '2024-05-06 19:13:29', '2024-05-06 19:13:56'),
(63, '3', 'UMAROVA SARVINOZ', '94 526 4292', '33 001 7244', 'Qarshi shaxar', '2002-03-31', 'User', 'true', 'Ishga', 'Tanishlar', -300000, '15435838224', NULL, '$2y$12$q9V/Lyff4BPIt1h9E2/hZ.v2PsLsz4S0isNtKYvVBEiszHco54Nti', '19', NULL, '2024-05-07 19:45:36', '2024-05-07 19:45:53'),
(64, '3', 'XONKELDIYEV ELYOR', '91 459 1542', '91 644 0569', 'Qarshi shaxar', '2010-11-04', 'User', 'true', 'Ishga', 'Tanishlar', 0, '13720745832', NULL, '$2y$12$ePyIwcPAzZDTi8WVFhk4z.N3EVC3eYf1BkBkEDicCngCFuXHd07fy', '19', NULL, '2024-05-07 19:47:09', '2024-05-18 19:44:51'),
(65, '3', 'ASROROV RIZO', '91 672 8191', '50 102 8191', 'Qarshi shaxar', '2007-07-19', 'User', 'true', 'Ishga', 'Tanishlar', -300000, '6860373332', NULL, '$2y$12$U0K3Yx/Gnjk69Uesqf2CAOB0yP9FwoQE0GjncqmXx0VE6PKA83PvO', '19', NULL, '2024-05-07 19:48:53', '2024-05-07 19:49:17'),
(66, '3', 'BEHRUZ RUSIMOV', '90 866 0918', '90 733 1411', 'Qarshi shaxar', '2010-06-15', 'User', 'true', 'Ishga', 'Tanishlar', 0, '15437094363', NULL, '$2y$12$3qY6jTrYXwBik8w4g/RwFOpKS9.kIcPd.X1ME9I3DUmJ2cuQOjXme', '19', NULL, '2024-05-09 10:31:47', '2024-05-13 17:54:19'),
(67, '3', 'TULANOV JONIBEK', '93 741 2388', '93 741 2388', 'Chiroqchi tuman', '1998-01-23', 'User', 'true', 'Ishga', 'Tanishlar', 0, '6861067632', NULL, '$2y$12$ow7LGARQlEVrlsiGCRN0ueN0U6Gx0g2Zur2UZ5snh/AZzkZst7TpG', '19', NULL, '2024-05-09 20:01:48', '2024-05-09 20:05:23'),
(68, '3', 'KULIEV ASILBEK', '91 639 9565', '91 639 9565', 'Qarshi shaxar', '2004-04-22', 'User', 'true', 'ustoz', 'Tanishlar', NULL, '15437878182', NULL, '$2y$12$2FE989bNQ08cQvzzQbF/9.zq.cEwg6K2eBW8W1dB.VJsdvIm.MEu2', '19', NULL, '2024-05-10 10:43:18', '2024-05-10 10:43:18'),
(69, '3', 'JAHONGIR HOSHIMOV', '94 178 9999', '98 700 2524', 'Qarshi shaxar', '2010-07-21', 'User', 'true', 'Ishga', 'Tanishlar', -300000, '1715598319', NULL, '$2y$12$9s9Dqdv9zznXvNjHnKZ76OfjNEwBjbQsqUZJwqT0xkSgDf8cL.UMe', '21', NULL, '2024-05-13 16:05:19', '2024-05-13 16:06:00'),
(70, '3', 'SAJURALI AJRATOV', '88 952 7804', '97 293 8316', 'Qarshi shaxar', '2006-12-06', 'User', 'true', 'Ishga', 'Tanishlar', -300000, '12009190137', NULL, '$2y$12$bwhocKcxrvoSr.YQGyS5henlpXSe944Q66W7fcnqCjvsJG1wC9DQ.', '21', NULL, '2024-05-13 16:09:51', '2024-05-13 16:10:35'),
(71, '3', 'MAQSUD ABDUG`OFUROV', '90 880 2280', '88 796 0302', 'Qarshi shaxar', '1993-10-02', 'User', 'true', 'Ishga', 'Tanishlar', -300000, '1715598852', NULL, '$2y$12$Ukb2NPDI.iTCBf7G.mAEnORV4yV4WR5GJK/Q5QFkSTzVn0tAkVvVe', '21', NULL, '2024-05-13 16:14:12', '2024-05-13 16:22:11'),
(72, '3', 'BEKZOD HUSHMURODOV', '97 290 5522', '97 070 7999', 'Qarshi shaxar', '2003-06-30', 'User', 'true', 'Ishga', 'Tanishlar', -300000, '5146797189', NULL, '$2y$12$u3ysOUQ2a3sXGM9BJtEeuOfyOIq3kJaJ7J23MxsCJZKnV68bsOtrO', '21', NULL, '2024-05-13 16:17:43', '2024-05-13 16:21:36'),
(73, '3', 'SHAXRUZ ALIMOV', '88 293 7876', '97 801 9944', 'Qarshi shaxar', '2002-04-02', 'User', 'true', 'Ishga', 'Tanishlar', 0, '8577996980', NULL, '$2y$12$wFddAcXyLkRJbvnJAW8tROs3E3.Z6fDgIV485Jv.zVc4bXFm7yBba', '21', NULL, '2024-05-13 16:23:16', '2024-05-15 17:41:49'),
(74, '3', 'JONIBEK ESHQOBILOV', '93 992 5108', '94 293 9980', 'Qarshi shaxar', '2008-03-29', 'User', 'true', 'Ishga', 'Tanishlar', 0, '5146798599', NULL, '$2y$12$wWDmmiDe7zlYVb645yDIW.gdMJT8lUdAitQRBy7ryIsVwpxxLLqHO', '21', NULL, '2024-05-13 16:25:33', '2024-05-13 17:55:02'),
(75, '3', 'HASAN RAHMONOV', '90 678 9373', '95 333 9199', 'Qarshi shaxar', '2002-08-17', 'User', 'true', 'Ishga', 'Tanishlar', 0, '10293597882', NULL, '$2y$12$RDgdMaHdB.YzfqOCswtMiusKFssbyfkE9dkLADedJ7w4R/YKunkpa', '21', NULL, '2024-05-13 16:27:27', '2024-05-15 17:47:22'),
(76, '3', 'BAHODIR FAYZIYEV', '90 866 6906', '91 221 0011', 'Qarshi shaxar', '1997-03-02', 'User', 'true', 'Ishga', 'Tanishlar', -300000, '6862399076', NULL, '$2y$12$MU3uTycKmSKmlWBRJ0Tvxe3WCp2CRShy90VuPvACyhZBRFTvzbO3W', '21', NULL, '2024-05-13 16:29:29', '2024-05-13 16:30:01'),
(77, '3', 'JASUR QO`LDOSHEV', '88 080 7667', '88 080 7667', 'Qarshi shaxar', '2000-05-31', 'User', 'true', 'Ishga', 'Tanishlar', 0, '5146800012', NULL, '$2y$12$Vfb.K5B3su/d5Z.i/Z8sQOk1MQuk2JuRgJjWj6JBhSJWp.Tt.GBsG', '21', NULL, '2024-05-13 16:33:24', '2024-05-13 17:57:58'),
(78, '3', 'BEHRUZ NOROV', '88 675 8588', '91 635 0101', 'Qarshi shaxar', '1997-05-06', 'User', 'true', 'Ishga', 'Tanishlar', -300000, '5146800657', NULL, '$2y$12$FH/1RHYWwl.N8zjcKadTXu/MFmz03xUnwbrlp94.CXWNQjdne7Gwy', '21', NULL, '2024-05-13 16:36:59', '2024-05-13 16:37:54'),
(79, '3', 'NURZOT ABDULAZIZOV', '90 442 5908', '99 330 0273', 'Qarshi shaxar', '1999-08-18', 'User', 'true', 'Ishga', 'Tanishlar', -300000, '3431201064', NULL, '$2y$12$vK5QelZEkDQaJIQagBm.Ku9hDbUnBsah.j23babJ75hcXF/Qb7fu2', '21', NULL, '2024-05-13 16:42:12', '2024-05-13 16:42:38'),
(80, '3', 'UZOQOV ASADBEK', '90 672 0027', '95 046 1917', 'Qarshi shaxar', '2000-05-27', 'User', 'true', 'Ishga', 'Boshqa', 0, '8578024885', NULL, '$2y$12$1sLiYahEMgYGh.zHiQvGJ.KBw83oOt4WfnlGQKZWrD8u154s1ulK6', '19', NULL, '2024-05-13 17:56:17', '2024-05-20 16:05:39'),
(81, '3', 'ISLOMOV SHOHJAHON', '90 517 1033', '99 957 1033', 'Qarshi shaxar', '2009-12-15', 'User', 'true', 'Ishga', 'Boshqa', 0, '3431576304', NULL, '$2y$12$RP4tSPIh1ar/usSYfQxhPe3YPLbnZYZU2fwZ4Ji2ADap7nvFK2IlK', '19', NULL, '2024-05-15 20:49:12', '2024-05-15 20:49:51'),
(82, '3', 'JAMOLOVA NAFISA', '50 515 0661', '91 071 6161', 'Qarshi shaxar', '2004-02-04', 'User', 'true', 'Ishga', 'Tanishlar', -300000, '1716027238', NULL, '$2y$12$0k4EA0/cpqUzT4TxeNDncODKtDClrRtyCItasmh229SHLnx8PzIEK', '19', NULL, '2024-05-18 15:13:58', '2024-05-18 15:15:00'),
(83, '3', 'ELSHOD MUSURMONOV', '90 883 0450', '90 883 0450', 'Qarshi shaxar', '1997-01-01', 'User', 'true', 'Test', 'Instagram', NULL, '1716046925', NULL, '$2y$12$MYjflAQaTHSnzj774IYO8u9u57FElwCvuFDUHqz.b8xebBaEIzmza', '1', NULL, '2024-05-18 20:42:05', '2024-05-18 20:42:05'),
(84, '3', 'QAYUMOV ABDURAHIM', '91 643 8321', '91 643 8321', 'Qarshi shaxar', '2002-06-01', 'User', 'true', 'Ishga', 'Tanishlar', 0, '6864806496', NULL, '$2y$12$yNxwmjfvftY5syVCrGTASOGW29yFrB2r2cEqu88PFSZPUV1R.ijOa', '19', NULL, '2024-05-20 15:40:24', '2024-05-20 15:41:27');

-- --------------------------------------------------------

--
-- Структура таблицы `user_histories`
--

CREATE TABLE `user_histories` (
  `id` bigint(20) UNSIGNED NOT NULL,
  `filial_id` int(11) NOT NULL,
  `user_id` int(11) NOT NULL,
  `status` varchar(255) NOT NULL,
  `type` varchar(255) DEFAULT NULL,
  `summa` varchar(255) DEFAULT NULL,
  `xisoblash` varchar(255) DEFAULT NULL,
  `balans` int(11) NOT NULL,
  `created_at` timestamp NULL DEFAULT NULL,
  `updated_at` timestamp NULL DEFAULT NULL
) ENGINE=InnoDB DEFAULT CHARSET=utf8mb4 COLLATE=utf8mb4_unicode_ci;

--
-- Дамп данных таблицы `user_histories`
--

INSERT INTO `user_histories` (`id`, `filial_id`, `user_id`, `status`, `type`, `summa`, `xisoblash`, `balans`, `created_at`, `updated_at`) VALUES
(21, 3, 20, 'Markazga tashrif', NULL, NULL, NULL, 0, '2024-05-02 10:38:38', '2024-05-02 10:38:38'),
(22, 3, 22, 'Markazga tashrif', NULL, NULL, NULL, 0, '2024-05-02 17:33:46', '2024-05-02 17:33:46'),
(23, 3, 23, 'Markazga tashrif', NULL, NULL, NULL, 0, '2024-05-02 17:36:05', '2024-05-02 17:36:05'),
(24, 3, 24, 'Markazga tashrif', NULL, NULL, NULL, 0, '2024-05-02 17:38:19', '2024-05-02 17:38:19'),
(25, 3, 25, 'Markazga tashrif', NULL, NULL, NULL, 0, '2024-05-02 17:39:50', '2024-05-02 17:39:50'),
(26, 3, 25, 'Guruhga qo\'shildi', 'Oson 1', '-300000', '0-300000=-300000', -300000, '2024-05-03 10:36:02', '2024-05-03 10:36:02'),
(27, 3, 24, 'Guruhga qo\'shildi', 'Oson 1', '-300000', '0-300000=-300000', -300000, '2024-05-03 10:36:52', '2024-05-03 10:36:52'),
(28, 3, 23, 'Guruhga qo\'shildi', 'Oson 1', '-300000', '0-300000=-300000', -300000, '2024-05-03 10:37:45', '2024-05-03 10:37:45'),
(29, 3, 23, 'Chegirma', 'Oson 1', '0', '-300000+0=-300000', -300000, '2024-05-03 10:38:42', '2024-05-03 10:38:42'),
(30, 3, 23, 'Tulov Naqt', 'Oson 1', '300000', '-300000+300000=0', 0, '2024-05-03 10:38:42', '2024-05-03 10:38:42'),
(31, 3, 22, 'Guruhga qo\'shildi', 'Oson 1', '-300000', '0-300000=-300000', -300000, '2024-05-03 10:40:36', '2024-05-03 10:40:36'),
(32, 3, 20, 'Guruhga qo\'shildi', 'Oson 1', '-300000', '0-300000=-300000', -300000, '2024-05-03 10:41:39', '2024-05-03 10:41:39'),
(33, 3, 27, 'Markazga tashrif', NULL, NULL, NULL, 0, '2024-05-03 12:06:49', '2024-05-03 12:06:49'),
(34, 3, 28, 'Markazga tashrif', NULL, NULL, NULL, 0, '2024-05-03 12:09:23', '2024-05-03 12:09:23'),
(35, 3, 29, 'Markazga tashrif', NULL, NULL, NULL, 0, '2024-05-03 12:11:48', '2024-05-03 12:11:48'),
(36, 3, 30, 'Markazga tashrif', NULL, NULL, NULL, 0, '2024-05-03 12:14:16', '2024-05-03 12:14:16'),
(37, 3, 31, 'Markazga tashrif', NULL, NULL, NULL, 0, '2024-05-03 12:18:30', '2024-05-03 12:18:30'),
(38, 3, 32, 'Markazga tashrif', NULL, NULL, NULL, 0, '2024-05-03 13:31:08', '2024-05-03 13:31:08'),
(39, 3, 33, 'Markazga tashrif', NULL, NULL, NULL, 0, '2024-05-03 14:14:15', '2024-05-03 14:14:15'),
(40, 3, 34, 'Markazga tashrif', NULL, NULL, NULL, 0, '2024-05-03 14:15:25', '2024-05-03 14:15:25'),
(41, 3, 35, 'Markazga tashrif', NULL, NULL, NULL, 0, '2024-05-03 14:17:01', '2024-05-03 14:17:01'),
(42, 3, 36, 'Markazga tashrif', NULL, NULL, NULL, 0, '2024-05-03 14:18:41', '2024-05-03 14:18:41'),
(43, 3, 37, 'Markazga tashrif', NULL, NULL, NULL, 0, '2024-05-03 15:30:36', '2024-05-03 15:30:36'),
(44, 3, 38, 'Markazga tashrif', NULL, NULL, NULL, 0, '2024-05-03 15:31:52', '2024-05-03 15:31:52'),
(45, 3, 39, 'Markazga tashrif', NULL, NULL, NULL, 0, '2024-05-03 15:34:56', '2024-05-03 15:34:56'),
(46, 3, 40, 'Markazga tashrif', NULL, NULL, NULL, 0, '2024-05-03 18:15:12', '2024-05-03 18:15:12'),
(47, 3, 41, 'Markazga tashrif', NULL, NULL, NULL, 0, '2024-05-03 18:16:36', '2024-05-03 18:16:36'),
(48, 3, 42, 'Markazga tashrif', NULL, NULL, NULL, 0, '2024-05-03 18:18:08', '2024-05-03 18:18:08'),
(49, 3, 43, 'Markazga tashrif', NULL, NULL, NULL, 0, '2024-05-03 18:19:38', '2024-05-03 18:19:38'),
(50, 3, 44, 'Markazga tashrif', NULL, NULL, NULL, 0, '2024-05-03 18:20:44', '2024-05-03 18:20:44'),
(51, 3, 45, 'Markazga tashrif', NULL, NULL, NULL, 0, '2024-05-03 18:21:51', '2024-05-03 18:21:51'),
(52, 3, 46, 'Markazga tashrif', NULL, NULL, NULL, 0, '2024-05-03 18:23:03', '2024-05-03 18:23:03'),
(53, 3, 47, 'Markazga tashrif', NULL, NULL, NULL, 0, '2024-05-03 18:24:10', '2024-05-03 18:24:10'),
(54, 3, 48, 'Markazga tashrif', NULL, NULL, NULL, 0, '2024-05-03 18:25:24', '2024-05-03 18:25:24'),
(55, 3, 49, 'Markazga tashrif', NULL, NULL, NULL, 0, '2024-05-03 18:26:44', '2024-05-03 18:26:44'),
(56, 3, 50, 'Markazga tashrif', NULL, NULL, NULL, 0, '2024-05-03 18:27:47', '2024-05-03 18:27:47'),
(57, 3, 51, 'Markazga tashrif', NULL, NULL, NULL, 0, '2024-05-03 18:35:03', '2024-05-03 18:35:03'),
(58, 3, 52, 'Markazga tashrif', NULL, NULL, NULL, 0, '2024-05-03 18:36:15', '2024-05-03 18:36:15'),
(59, 3, 53, 'Markazga tashrif', NULL, NULL, NULL, 0, '2024-05-03 18:37:39', '2024-05-03 18:37:39'),
(60, 3, 54, 'Markazga tashrif', NULL, NULL, NULL, 0, '2024-05-03 18:39:05', '2024-05-03 18:39:05'),
(61, 3, 55, 'Markazga tashrif', NULL, NULL, NULL, 0, '2024-05-03 18:41:37', '2024-05-03 18:41:37'),
(62, 3, 20, 'Guruhga qo\'shildi', 'Oson 1 juft 19:00 23.04.24', '-300000', '-300000-300000=-600000', -600000, '2024-05-04 10:29:20', '2024-05-04 10:29:20'),
(63, 3, 20, 'Guruhdan o\'chirildi', 'Oson 1( boshqa guruh )', '300000', '-600000 + 300000 = -300000', -300000, '2024-05-04 10:30:48', '2024-05-04 10:30:48'),
(64, 3, 20, 'Jarima', 'Oson 1( boshqa guruh )', '0', '-300000 - 0 = -300000', -300000, '2024-05-04 10:30:48', '2024-05-04 10:30:48'),
(65, 3, 29, 'Guruhga qo\'shildi', 'Oson 1 juft 19:00 23.04.24', '-300000', '0-300000=-300000', -300000, '2024-05-04 10:33:03', '2024-05-04 10:33:03'),
(66, 3, 29, 'Tulov Naqt', ' ', '300000', '-300000+300000=0', 0, '2024-05-04 10:33:28', '2024-05-04 10:33:28'),
(67, 3, 28, 'Guruhga qo\'shildi', 'Oson 1 juft 19:00 23.04.24', '-300000', '0-300000=-300000', -300000, '2024-05-04 10:34:07', '2024-05-04 10:34:07'),
(68, 3, 28, 'Tulov Naqt', ' ', '300000', '-300000+300000=0', 0, '2024-05-04 10:34:20', '2024-05-04 10:34:20'),
(69, 3, 55, 'Guruhga qo\'shildi', 'Oson 1 juft 19:00 23.04.24', '-300000', '0-300000=-300000', -300000, '2024-05-04 10:34:53', '2024-05-04 10:34:53'),
(70, 3, 30, 'Guruhga qo\'shildi', 'Oson 1 juft 19:00 23.04.24', '-300000', '0-300000=-300000', -300000, '2024-05-04 10:35:26', '2024-05-04 10:35:26'),
(71, 3, 30, 'Tulov Naqt', ' ', '300000', '-300000+300000=0', 0, '2024-05-04 10:35:37', '2024-05-04 10:35:37'),
(72, 3, 31, 'Guruhga qo\'shildi', 'Oson 1 juft 19:00 23.04.24', '-300000', '0-300000=-300000', -300000, '2024-05-04 10:36:16', '2024-05-04 10:36:16'),
(73, 3, 31, 'Tulov Naqt', ' ', '300000', '-300000+300000=0', 0, '2024-05-04 10:36:31', '2024-05-04 10:36:31'),
(74, 3, 32, 'Guruhga qo\'shildi', 'Oson 1 juft 19:00 23.04.24', '-300000', '0-300000=-300000', -300000, '2024-05-04 10:37:01', '2024-05-04 10:37:01'),
(75, 3, 32, 'Tulov Naqt', ' ', '300000', '-300000+300000=0', 0, '2024-05-04 10:37:17', '2024-05-04 10:37:17'),
(76, 3, 51, 'Guruhga qo\'shildi', 'Oson 1 juft 19:00 23.04.24', '-300000', '0-300000=-300000', -300000, '2024-05-04 10:38:35', '2024-05-04 10:38:35'),
(77, 3, 51, 'Tulov Naqt', ' ', '300000', '-300000+300000=0', 0, '2024-05-04 10:38:47', '2024-05-04 10:38:47'),
(78, 3, 52, 'Guruhga qo\'shildi', 'Oson 1 juft 19:00 23.04.24', '-300000', '0-300000=-300000', -300000, '2024-05-04 10:39:37', '2024-05-04 10:39:37'),
(79, 3, 52, 'Tulov Naqt', ' ', '300000', '-300000+300000=0', 0, '2024-05-04 10:39:52', '2024-05-04 10:39:52'),
(80, 3, 53, 'Guruhga qo\'shildi', 'Oson 1 juft 19:00 23.04.24', '-300000', '0-300000=-300000', -300000, '2024-05-04 10:44:19', '2024-05-04 10:44:19'),
(81, 3, 27, 'Guruhga qo\'shildi', 'Oson 1 juft 19:00 23.04.24', '-300000', '0-300000=-300000', -300000, '2024-05-04 10:45:15', '2024-05-04 10:45:15'),
(82, 3, 54, 'Guruhga qo\'shildi', 'Oson 1 juft 19:00 23.04.24', '-300000', '0-300000=-300000', -300000, '2024-05-04 10:46:35', '2024-05-04 10:46:35'),
(83, 3, 56, 'Markazga tashrif', NULL, NULL, NULL, 0, '2024-05-04 11:06:46', '2024-05-04 11:06:46'),
(84, 3, 56, 'Guruhga qo\'shildi', 'Oson 1 juft 19:00 23.04.24', '-300000', '0-300000=-300000', -300000, '2024-05-04 11:07:07', '2024-05-04 11:07:07'),
(85, 3, 56, 'Tulov Naqt', ' ', '300000', '-300000+300000=0', 0, '2024-05-04 11:07:16', '2024-05-04 11:07:16'),
(86, 3, 57, 'Markazga tashrif', NULL, NULL, NULL, 0, '2024-05-04 11:09:12', '2024-05-04 11:09:12'),
(87, 3, 58, 'Markazga tashrif', NULL, NULL, NULL, 0, '2024-05-04 11:10:30', '2024-05-04 11:10:30'),
(88, 3, 57, 'Guruhga qo\'shildi', 'Oson 1 juft 19:00 23.04.24', '-300000', '0-300000=-300000', -300000, '2024-05-04 11:10:48', '2024-05-04 11:10:48'),
(89, 3, 57, 'Tulov Naqt', ' ', '300000', '-300000+300000=0', 0, '2024-05-04 11:11:00', '2024-05-04 11:11:00'),
(90, 3, 58, 'Guruhga qo\'shildi', 'Oson 1 juft 19:00 23.04.24', '-300000', '0-300000=-300000', -300000, '2024-05-04 11:11:45', '2024-05-04 11:11:45'),
(91, 3, 58, 'Tulov Naqt', ' ', '300000', '-300000+300000=0', 0, '2024-05-04 11:11:53', '2024-05-04 11:11:53'),
(92, 3, 58, 'Qaytarildi (Naqt)', ' ', '300000', '0-300000=-300000', -300000, '2024-05-04 11:13:09', '2024-05-04 11:13:09'),
(93, 3, 20, 'Tulov Naqt', ' ', '100000', '-300000+100000=-200000', -200000, '2024-05-04 18:55:45', '2024-05-04 18:55:45'),
(94, 3, 50, 'Guruhga qo\'shildi', 'Eps Topik toq 18:00', '-300000', '0-300000=-300000', -300000, '2024-05-06 10:47:04', '2024-05-06 10:47:04'),
(95, 3, 50, 'Tulov Naqt', ' ', '300000', '-300000+300000=0', 0, '2024-05-06 10:47:13', '2024-05-06 10:47:13'),
(96, 3, 49, 'Guruhga qo\'shildi', 'Eps Topik toq 18:00', '-300000', '0-300000=-300000', -300000, '2024-05-06 10:47:29', '2024-05-06 10:47:29'),
(97, 3, 49, 'Tulov Naqt', ' ', '300000', '-300000+300000=0', 0, '2024-05-06 10:47:40', '2024-05-06 10:47:40'),
(98, 3, 48, 'Guruhga qo\'shildi', 'Eps Topik toq 18:00', '-300000', '0-300000=-300000', -300000, '2024-05-06 10:48:14', '2024-05-06 10:48:14'),
(99, 3, 48, 'Tulov Naqt', ' ', '300000', '-300000+300000=0', 0, '2024-05-06 10:48:22', '2024-05-06 10:48:22'),
(100, 3, 47, 'Guruhga qo\'shildi', 'Eps Topik toq 18:00', '-300000', '0-300000=-300000', -300000, '2024-05-06 10:48:39', '2024-05-06 10:48:39'),
(101, 3, 47, 'Tulov Naqt', ' ', '300000', '-300000+300000=0', 0, '2024-05-06 10:48:46', '2024-05-06 10:48:46'),
(102, 3, 46, 'Guruhga qo\'shildi', 'Eps Topik toq 18:00', '-300000', '0-300000=-300000', -300000, '2024-05-06 10:49:03', '2024-05-06 10:49:03'),
(103, 3, 45, 'Guruhga qo\'shildi', 'Eps Topik toq 18:00', '-300000', '0-300000=-300000', -300000, '2024-05-06 10:49:20', '2024-05-06 10:49:20'),
(104, 3, 45, 'Tulov Naqt', ' ', '300000', '-300000+300000=0', 0, '2024-05-06 10:49:27', '2024-05-06 10:49:27'),
(105, 3, 44, 'Guruhga qo\'shildi', 'Eps Topik toq 18:00', '-300000', '0-300000=-300000', -300000, '2024-05-06 10:49:52', '2024-05-06 10:49:52'),
(106, 3, 44, 'Tulov Naqt', ' ', '250000', '-300000+250000=-50000', -50000, '2024-05-06 10:51:10', '2024-05-06 10:51:10'),
(107, 3, 44, 'Chegirma', 'Eps Topik toq 18:00', '50000', '-50000+50000=0', 0, '2024-05-06 10:51:28', '2024-05-06 10:51:28'),
(108, 3, 43, 'Guruhga qo\'shildi', 'Eps Topik toq 18:00', '-300000', '0-300000=-300000', -300000, '2024-05-06 10:52:03', '2024-05-06 10:52:03'),
(109, 3, 43, 'Tulov Naqt', ' ', '300000', '-300000+300000=0', 0, '2024-05-06 10:52:10', '2024-05-06 10:52:10'),
(110, 3, 42, 'Guruhga qo\'shildi', 'Eps Topik toq 18:00', '-300000', '0-300000=-300000', -300000, '2024-05-06 10:52:29', '2024-05-06 10:52:29'),
(111, 3, 42, 'Tulov Naqt', ' ', '300000', '-300000+300000=0', 0, '2024-05-06 10:52:41', '2024-05-06 10:52:41'),
(112, 3, 41, 'Guruhga qo\'shildi', 'Eps Topik toq 18:00', '-300000', '0-300000=-300000', -300000, '2024-05-06 10:53:23', '2024-05-06 10:53:23'),
(113, 3, 41, 'Tulov Naqt', ' ', '300000', '-300000+300000=0', 0, '2024-05-06 10:53:31', '2024-05-06 10:53:31'),
(114, 3, 40, 'Guruhga qo\'shildi', 'Eps Topik toq 18:00', '-300000', '0-300000=-300000', -300000, '2024-05-06 10:53:49', '2024-05-06 10:53:49'),
(115, 3, 40, 'Tulov Naqt', ' ', '300000', '-300000+300000=0', 0, '2024-05-06 10:54:18', '2024-05-06 10:54:18'),
(116, 3, 59, 'Markazga tashrif', NULL, NULL, NULL, 0, '2024-05-06 11:06:42', '2024-05-06 11:06:42'),
(117, 3, 59, 'Tulov Naqt', ' ', '300000', '+300000=300000', 300000, '2024-05-06 11:07:45', '2024-05-06 11:07:45'),
(118, 3, 61, 'Markazga tashrif', NULL, NULL, NULL, 0, '2024-05-06 19:11:25', '2024-05-06 19:11:25'),
(119, 3, 61, 'Guruhga qo\'shildi', 'Eps Topik toq 18:00', '-300000', '0-300000=-300000', -300000, '2024-05-06 19:11:57', '2024-05-06 19:11:57'),
(120, 3, 62, 'Markazga tashrif', NULL, NULL, NULL, 0, '2024-05-06 19:13:29', '2024-05-06 19:13:29'),
(121, 3, 62, 'Guruhga qo\'shildi', 'Eps Topik toq 18:00', '-300000', '0-300000=-300000', -300000, '2024-05-06 19:13:56', '2024-05-06 19:13:56'),
(122, 3, 24, 'Guruhga qo\'shildi', 'Eps Topik toq 18:00', '-300000', '-300000-300000=-600000', -600000, '2024-05-06 19:57:01', '2024-05-06 19:57:01'),
(123, 3, 24, 'Guruhdan o\'chirildi', 'Oson 1( boshqa guruh )', '300000', '-600000 + 300000 = -300000', -300000, '2024-05-06 21:35:39', '2024-05-06 21:35:39'),
(124, 3, 24, 'Jarima', 'Oson 1( boshqa guruh )', '0', '-300000 - 0 = -300000', -300000, '2024-05-06 21:35:39', '2024-05-06 21:35:39'),
(125, 3, 24, 'Tulov Naqt', 'Eps Topik toq 18:00', '150000', '-300000+150000=-150000', -150000, '2024-05-06 21:36:56', '2024-05-06 21:36:56'),
(126, 3, 24, 'Chegirma', 'Eps Topik toq 18:00', '100000', '-150000+100000=-50000', -50000, '2024-05-06 21:38:37', '2024-05-06 21:38:37'),
(127, 3, 46, 'Tulov Naqt', 'Eps Topik toq 18:00', '275000', '-300000+275000=-25000', -25000, '2024-05-06 21:40:08', '2024-05-06 21:40:08'),
(128, 3, 46, 'Tulov Plastik', 'Eps Topik toq 18:00', '275000', '-25000+275000=250000', 250000, '2024-05-06 21:40:08', '2024-05-06 21:40:08'),
(129, 3, 46, 'Tulov Naqt', ' ', '250000', '250000+250000=500000', 500000, '2024-05-06 21:40:58', '2024-05-06 21:40:58'),
(130, 3, 46, 'Qaytarildi (Plastik)', ' ', '275000', '500000-275000=225000', 225000, '2024-05-06 21:41:42', '2024-05-06 21:41:42'),
(131, 3, 46, 'Qaytarildi (Naqt)', ' ', '225000', '225000-225000=0', 0, '2024-05-06 21:42:25', '2024-05-06 21:42:25'),
(132, 3, 46, 'Tulov Naqt', ' ', '275000', '0+275000=275000', 275000, '2024-05-06 21:42:40', '2024-05-06 21:42:40'),
(133, 3, 22, 'Guruhga qo\'shildi', 'Eps Topik toq 18:00', '-300000', '-300000-300000=-600000', -600000, '2024-05-07 09:54:41', '2024-05-07 09:54:41'),
(134, 3, 22, 'Guruhdan o\'chirildi', 'Oson 1( thht )', '300000', '-600000 + 300000 = -300000', -300000, '2024-05-07 09:55:21', '2024-05-07 09:55:21'),
(135, 3, 22, 'Jarima', 'Oson 1( thht )', '300000', '-300000 - 300000 = -600000', -600000, '2024-05-07 09:55:21', '2024-05-07 09:55:21'),
(136, 3, 23, 'Guruhdan o\'chirildi', 'Oson 1( hrththt )', '300000', '0 + 300000 = 300000', 300000, '2024-05-07 09:55:40', '2024-05-07 09:55:40'),
(137, 3, 23, 'Jarima', 'Oson 1( hrththt )', '300000', '300000 - 300000 = 0', 0, '2024-05-07 09:55:40', '2024-05-07 09:55:40'),
(138, 3, 25, 'Guruhdan o\'chirildi', 'Oson 1( dgd )', '300000', '-300000 + 300000 = 0', 0, '2024-05-07 09:55:58', '2024-05-07 09:55:58'),
(139, 3, 25, 'Jarima', 'Oson 1( dgd )', '300000', '0 - 300000 = -300000', -300000, '2024-05-07 09:55:58', '2024-05-07 09:55:58'),
(140, 3, 25, 'Guruhga qo\'shildi', 'Oson 1 toq 14:00', '-300000', '-300000-300000=-600000', -600000, '2024-05-07 09:57:41', '2024-05-07 09:57:41'),
(141, 3, 25, 'Tulov Naqt', ' ', '300000', '-600000+300000=-300000', -300000, '2024-05-07 09:58:33', '2024-05-07 09:58:33'),
(142, 3, 38, 'Guruhga qo\'shildi', 'Oson 1 toq 14:00', '-300000', '0-300000=-300000', -300000, '2024-05-07 09:59:24', '2024-05-07 09:59:24'),
(143, 3, 38, 'Tulov Naqt', ' ', '300000', '-300000+300000=0', 0, '2024-05-07 09:59:38', '2024-05-07 09:59:38'),
(144, 3, 37, 'Guruhga qo\'shildi', 'Oson 1 toq 14:00', '-300000', '0-300000=-300000', -300000, '2024-05-07 10:00:11', '2024-05-07 10:00:11'),
(145, 3, 37, 'Tulov Naqt', ' ', '200000', '-300000+200000=-100000', -100000, '2024-05-07 10:00:27', '2024-05-07 10:00:27'),
(146, 3, 37, 'Chegirma', 'Oson 1 toq 14:00', '100000', '-100000+100000=0', 0, '2024-05-07 10:00:47', '2024-05-07 10:00:47'),
(147, 3, 35, 'Guruhga qo\'shildi', 'Oson 1 toq 14:00', '-300000', '0-300000=-300000', -300000, '2024-05-07 10:01:13', '2024-05-07 10:01:13'),
(148, 3, 34, 'Guruhga qo\'shildi', 'Oson 1 toq 14:00', '-300000', '0-300000=-300000', -300000, '2024-05-07 10:01:54', '2024-05-07 10:01:54'),
(149, 3, 33, 'Guruhga qo\'shildi', 'Oson 1 toq 14:00', '-300000', '0-300000=-300000', -300000, '2024-05-07 10:02:20', '2024-05-07 10:02:20'),
(150, 3, 33, 'Tulov Naqt', ' ', '250000', '-300000+250000=-50000', -50000, '2024-05-07 10:02:27', '2024-05-07 10:02:27'),
(151, 3, 33, 'Chegirma', 'Oson 1 toq 14:00', '50000', '-50000+50000=0', 0, '2024-05-07 10:02:52', '2024-05-07 10:02:52'),
(152, 3, 36, 'Guruhga qo\'shildi', 'Oson 1 toq 14:00', '-300000', '0-300000=-300000', -300000, '2024-05-07 10:03:27', '2024-05-07 10:03:27'),
(153, 3, 59, 'Tulov Naqt', ' ', '275000', '300000+275000=575000', 575000, '2024-05-07 10:26:33', '2024-05-07 10:26:33'),
(154, 3, 46, 'Qaytarildi (Naqt)', ' ', '275000', '275000-275000=0', 0, '2024-05-07 10:27:19', '2024-05-07 10:27:19'),
(155, 3, 63, 'Markazga tashrif', NULL, NULL, NULL, 0, '2024-05-07 19:45:36', '2024-05-07 19:45:36'),
(156, 3, 63, 'Guruhga qo\'shildi', 'Oson 1 juft 19:00 23.04.24', '-300000', '0-300000=-300000', -300000, '2024-05-07 19:45:53', '2024-05-07 19:45:53'),
(157, 3, 64, 'Markazga tashrif', NULL, NULL, NULL, 0, '2024-05-07 19:47:09', '2024-05-07 19:47:09'),
(158, 3, 64, 'Guruhga qo\'shildi', 'Oson 1 juft 19:00 23.04.24', '-300000', '0-300000=-300000', -300000, '2024-05-07 19:47:33', '2024-05-07 19:47:33'),
(159, 3, 65, 'Markazga tashrif', NULL, NULL, NULL, 0, '2024-05-07 19:48:53', '2024-05-07 19:48:53'),
(160, 3, 65, 'Guruhga qo\'shildi', 'Oson 1 juft 19:00 23.04.24', '-300000', '0-300000=-300000', -300000, '2024-05-07 19:49:17', '2024-05-07 19:49:17'),
(161, 3, 64, 'Tulov Naqt', ' ', '150000', '-300000+150000=-150000', -150000, '2024-05-07 19:50:31', '2024-05-07 19:50:31'),
(162, 3, 20, 'Tulov Naqt', ' ', '150000', '-200000+150000=-50000', -50000, '2024-05-07 20:29:07', '2024-05-07 20:29:07'),
(163, 3, 48, 'Tulov Naqt', ' ', '150000', '0+150000=150000', 150000, '2024-05-08 20:12:00', '2024-05-08 20:12:00'),
(164, 3, 48, 'Qaytarildi (Naqt)', ' ', '150000', '150000-150000=0', 0, '2024-05-08 20:12:23', '2024-05-08 20:12:23'),
(165, 3, 66, 'Markazga tashrif', NULL, NULL, NULL, 0, '2024-05-09 10:31:47', '2024-05-09 10:31:47'),
(166, 3, 67, 'Markazga tashrif', NULL, NULL, NULL, 0, '2024-05-09 20:01:48', '2024-05-09 20:01:48'),
(167, 3, 67, 'Guruhga qo\'shildi', 'Oson 1 juft 19:00 23.04.24', '-300000', '0-300000=-300000', -300000, '2024-05-09 20:02:24', '2024-05-09 20:02:24'),
(168, 3, 67, 'Tulov Naqt', ' ', '300000', '-300000+300000=0', 0, '2024-05-09 20:05:23', '2024-05-09 20:05:23'),
(169, 3, 54, 'Tulov Naqt', ' ', '300000', '-300000+300000=0', 0, '2024-05-09 20:48:58', '2024-05-09 20:48:58'),
(170, 3, 68, 'Markazga tashrif', NULL, NULL, NULL, 0, '2024-05-10 10:43:18', '2024-05-10 10:43:18'),
(171, 3, 23, 'Guruhga qo\'shildi', 'Eps Topik toq 18:00', '-300000', '0-300000=-300000', -300000, '2024-05-10 15:27:36', '2024-05-10 15:27:36'),
(172, 3, 23, 'Tulov Naqt', ' ', '300000', '-300000+300000=0', 0, '2024-05-10 15:27:49', '2024-05-10 15:27:49'),
(173, 3, 34, 'Tulov Naqt', ' ', '250000', '-300000+250000=-50000', -50000, '2024-05-10 15:42:24', '2024-05-10 15:42:24'),
(174, 3, 41, 'Tulov Naqt', ' ', '300000', '0+300000=300000', 300000, '2024-05-10 19:53:50', '2024-05-10 19:53:50'),
(175, 3, 43, 'Tulov Naqt', ' ', '150000', '0+150000=150000', 150000, '2024-05-10 20:00:25', '2024-05-10 20:00:25'),
(176, 3, 57, 'Tulov Naqt', ' ', '300000', '0+300000=300000', 300000, '2024-05-11 20:35:35', '2024-05-11 20:35:35'),
(177, 3, 34, 'Tulov Naqt', ' ', '50000', '-50000+50000=0', 0, '2024-05-13 15:32:07', '2024-05-13 15:32:07'),
(178, 3, 35, 'Tulov Naqt', ' ', '260000', '-300000+260000=-40000', -40000, '2024-05-13 15:32:57', '2024-05-13 15:32:57'),
(179, 3, 66, 'Guruhga qo\'shildi', 'Asilbek Oson 1 toq boshlang\'ich 16:00', '-300000', '0-300000=-300000', -300000, '2024-05-13 15:58:05', '2024-05-13 15:58:05'),
(180, 3, 69, 'Markazga tashrif', NULL, NULL, NULL, 0, '2024-05-13 16:05:19', '2024-05-13 16:05:19'),
(181, 3, 69, 'Guruhga qo\'shildi', 'Asilbek Oson 1 toq boshlang\'ich 16:00', '-300000', '0-300000=-300000', -300000, '2024-05-13 16:06:00', '2024-05-13 16:06:00'),
(182, 3, 70, 'Markazga tashrif', NULL, NULL, NULL, 0, '2024-05-13 16:09:51', '2024-05-13 16:09:51'),
(183, 3, 70, 'Guruhga qo\'shildi', 'Asilbek Oson 1 toq boshlang\'ich 16:00', '-300000', '0-300000=-300000', -300000, '2024-05-13 16:10:35', '2024-05-13 16:10:35'),
(184, 3, 71, 'Markazga tashrif', NULL, NULL, NULL, 0, '2024-05-13 16:14:12', '2024-05-13 16:14:12'),
(185, 3, 72, 'Markazga tashrif', NULL, NULL, NULL, 0, '2024-05-13 16:17:43', '2024-05-13 16:17:43'),
(186, 3, 72, 'Guruhga qo\'shildi', 'Asilbek Oson 1 toq boshlang\'ich 16:00', '-300000', '0-300000=-300000', -300000, '2024-05-13 16:21:36', '2024-05-13 16:21:36'),
(187, 3, 71, 'Guruhga qo\'shildi', 'Asilbek Oson 1 toq boshlang\'ich 16:00', '-300000', '0-300000=-300000', -300000, '2024-05-13 16:22:11', '2024-05-13 16:22:11'),
(188, 3, 73, 'Markazga tashrif', NULL, NULL, NULL, 0, '2024-05-13 16:23:16', '2024-05-13 16:23:16'),
(189, 3, 73, 'Guruhga qo\'shildi', 'Asilbek Oson 1 toq boshlang\'ich 16:00', '-300000', '0-300000=-300000', -300000, '2024-05-13 16:23:52', '2024-05-13 16:23:52'),
(190, 3, 74, 'Markazga tashrif', NULL, NULL, NULL, 0, '2024-05-13 16:25:33', '2024-05-13 16:25:33'),
(191, 3, 74, 'Guruhga qo\'shildi', 'Asilbek Oson 1 toq boshlang\'ich 16:00', '-300000', '0-300000=-300000', -300000, '2024-05-13 16:25:58', '2024-05-13 16:25:58'),
(192, 3, 75, 'Markazga tashrif', NULL, NULL, NULL, 0, '2024-05-13 16:27:27', '2024-05-13 16:27:27'),
(193, 3, 76, 'Markazga tashrif', NULL, NULL, NULL, 0, '2024-05-13 16:29:29', '2024-05-13 16:29:29'),
(194, 3, 76, 'Guruhga qo\'shildi', 'Asilbek Oson 1 toq boshlang\'ich 16:00', '-300000', '0-300000=-300000', -300000, '2024-05-13 16:30:01', '2024-05-13 16:30:01'),
(195, 3, 75, 'Guruhga qo\'shildi', 'Asilbek Oson 1 toq boshlang\'ich 16:00', '-300000', '0-300000=-300000', -300000, '2024-05-13 16:30:44', '2024-05-13 16:30:44'),
(196, 3, 77, 'Markazga tashrif', NULL, NULL, NULL, 0, '2024-05-13 16:33:24', '2024-05-13 16:33:24'),
(197, 3, 77, 'Guruhga qo\'shildi', 'Asilbek Oson 1 toq boshlang\'ich 16:00', '-300000', '0-300000=-300000', -300000, '2024-05-13 16:34:50', '2024-05-13 16:34:50'),
(198, 3, 78, 'Markazga tashrif', NULL, NULL, NULL, 0, '2024-05-13 16:36:59', '2024-05-13 16:36:59'),
(199, 3, 78, 'Guruhga qo\'shildi', 'Asilbek Oson 1 toq boshlang\'ich 16:00', '-300000', '0-300000=-300000', -300000, '2024-05-13 16:37:54', '2024-05-13 16:37:54'),
(200, 3, 79, 'Markazga tashrif', NULL, NULL, NULL, 0, '2024-05-13 16:42:12', '2024-05-13 16:42:12'),
(201, 3, 79, 'Guruhga qo\'shildi', 'Asilbek Oson 1 toq boshlang\'ich 16:00', '-300000', '0-300000=-300000', -300000, '2024-05-13 16:42:38', '2024-05-13 16:42:38'),
(202, 3, 43, 'Tulov Naqt', ' ', '50000', '150000+50000=200000', 200000, '2024-05-13 17:48:29', '2024-05-13 17:48:29'),
(203, 3, 44, 'Tulov Naqt', ' ', '50000', '0+50000=50000', 50000, '2024-05-13 17:53:41', '2024-05-13 17:53:41'),
(204, 3, 66, 'Tulov Naqt', ' ', '300000', '-300000+300000=0', 0, '2024-05-13 17:54:19', '2024-05-13 17:54:19'),
(205, 3, 74, 'Tulov Naqt', ' ', '300000', '-300000+300000=0', 0, '2024-05-13 17:55:02', '2024-05-13 17:55:02'),
(206, 3, 80, 'Markazga tashrif', NULL, NULL, NULL, 0, '2024-05-13 17:56:17', '2024-05-13 17:56:17'),
(207, 3, 80, 'Guruhga qo\'shildi', 'Asilbek Oson 1 toq boshlang\'ich 16:00', '-300000', '0-300000=-300000', -300000, '2024-05-13 17:56:45', '2024-05-13 17:56:45'),
(208, 3, 77, 'Tulov Naqt', ' ', '300000', '-300000+300000=0', 0, '2024-05-13 17:57:58', '2024-05-13 17:57:58'),
(209, 3, 73, 'Tulov Naqt', ' ', '300000', '-300000+300000=0', 0, '2024-05-15 17:41:49', '2024-05-15 17:41:49'),
(210, 3, 75, 'Guruhdan o\'chirildi', 'Asilbek Oson 1 toq boshlang\'ich 16:00( kemadi )', '300000', '-300000 + 300000 = 0', 0, '2024-05-15 17:47:22', '2024-05-15 17:47:22'),
(211, 3, 75, 'Jarima', 'Asilbek Oson 1 toq boshlang\'ich 16:00( kemadi )', '0', '0 - 0 = 0', 0, '2024-05-15 17:47:22', '2024-05-15 17:47:22'),
(212, 3, 81, 'Markazga tashrif', NULL, NULL, NULL, 0, '2024-05-15 20:49:12', '2024-05-15 20:49:12'),
(213, 3, 81, 'Guruhga qo\'shildi', 'Asilbek Oson 1 toq boshlang\'ich 16:00', '-300000', '0-300000=-300000', -300000, '2024-05-15 20:49:44', '2024-05-15 20:49:44'),
(214, 3, 81, 'Tulov Naqt', ' ', '300000', '-300000+300000=0', 0, '2024-05-15 20:49:51', '2024-05-15 20:49:51'),
(215, 3, 82, 'Markazga tashrif', NULL, NULL, NULL, 0, '2024-05-18 15:13:58', '2024-05-18 15:13:58'),
(216, 3, 82, 'Guruhga qo\'shildi', 'Oson 1 toq 14:00', '-300000', '0-300000=-300000', -300000, '2024-05-18 15:15:00', '2024-05-18 15:15:00'),
(217, 3, 27, 'Tulov Naqt', ' ', '300000', '-300000+300000=0', 0, '2024-05-18 19:13:32', '2024-05-18 19:13:32'),
(218, 3, 64, 'Tulov Naqt', ' ', '100000', '-150000+100000=-50000', -50000, '2024-05-18 19:44:17', '2024-05-18 19:44:17'),
(219, 3, 64, 'Chegirma', 'Oson 1 juft 19:00 23.04.24', '50000', '-50000+50000=0', 0, '2024-05-18 19:44:51', '2024-05-18 19:44:51'),
(220, 3, 20, 'Guruhdan o\'chirildi', 'Oson 1 juft 19:00 23.04.24( kemadi )', '300000', '-50000 + 300000 = 250000', 250000, '2024-05-18 20:30:45', '2024-05-18 20:30:45'),
(221, 3, 20, 'Jarima', 'Oson 1 juft 19:00 23.04.24( kemadi )', '0', '250000 - 0 = 250000', 250000, '2024-05-18 20:30:45', '2024-05-18 20:30:45'),
(222, 3, 58, 'Guruhdan o\'chirildi', 'Oson 1 juft 19:00 23.04.24( Kemadi )', '300000', '-300000 + 300000 = 0', 0, '2024-05-18 20:31:38', '2024-05-18 20:31:38'),
(223, 3, 58, 'Jarima', 'Oson 1 juft 19:00 23.04.24( Kemadi )', '0', '0 - 0 = 0', 0, '2024-05-18 20:31:38', '2024-05-18 20:31:38'),
(224, 3, 83, 'Markazga tashrif', NULL, NULL, NULL, 0, '2024-05-18 20:42:05', '2024-05-18 20:42:05'),
(225, 3, 53, 'Tulov Naqt', ' ', '300000', '-300000+300000=0', 0, '2024-05-18 20:45:48', '2024-05-18 20:45:48'),
(226, 3, 25, 'Guruhdan o\'chirildi', 'Oson 1 toq 14:00( ketdi )', '300000', '-300000 + 300000 = 0', 0, '2024-05-20 15:33:16', '2024-05-20 15:33:16'),
(227, 3, 25, 'Jarima', 'Oson 1 toq 14:00( ketdi )', '0', '0 - 0 = 0', 0, '2024-05-20 15:33:16', '2024-05-20 15:33:16'),
(228, 3, 84, 'Markazga tashrif', NULL, NULL, NULL, 0, '2024-05-20 15:40:24', '2024-05-20 15:40:24'),
(229, 3, 84, 'Guruhga qo\'shildi', 'Oson 1 toq 14:00', '-300000', '0-300000=-300000', -300000, '2024-05-20 15:41:15', '2024-05-20 15:41:15'),
(230, 3, 84, 'Tulov Naqt', ' ', '300000', '-300000+300000=0', 0, '2024-05-20 15:41:27', '2024-05-20 15:41:27'),
(231, 3, 80, 'Tulov Naqt', ' ', '300000', '-300000+300000=0', 0, '2024-05-20 15:59:37', '2024-05-20 15:59:37'),
(232, 3, 80, 'Tulov Naqt', ' ', '300000', '0+300000=300000', 300000, '2024-05-20 16:02:05', '2024-05-20 16:02:05'),
(233, 3, 80, 'Tulov Naqt', ' ', '300000', '300000+300000=600000', 600000, '2024-05-20 16:03:19', '2024-05-20 16:03:19'),
(234, 3, 80, 'Tulov Naqt', ' ', '300000', '600000+300000=900000', 900000, '2024-05-20 16:03:27', '2024-05-20 16:03:27'),
(235, 3, 80, 'Tulov Naqt', ' ', '300000', '900000+300000=1200000', 1200000, '2024-05-20 16:03:41', '2024-05-20 16:03:41'),
(236, 3, 80, 'Qaytarildi (Naqt)', ' ', '900000', '1200000-900000=300000', 300000, '2024-05-20 16:04:55', '2024-05-20 16:04:55'),
(237, 3, 80, 'Qaytarildi (Naqt)', ' ', '300000', '300000-300000=0', 0, '2024-05-20 16:05:39', '2024-05-20 16:05:39');

--
-- Индексы сохранённых таблиц
--

--
-- Индексы таблицы `admin_kassas`
--
ALTER TABLE `admin_kassas`
  ADD PRIMARY KEY (`id`);

--
-- Индексы таблицы `all_s_m_s`
--
ALTER TABLE `all_s_m_s`
  ADD PRIMARY KEY (`id`);

--
-- Индексы таблицы `cache`
--
ALTER TABLE `cache`
  ADD PRIMARY KEY (`key`);

--
-- Индексы таблицы `cache_locks`
--
ALTER TABLE `cache_locks`
  ADD PRIMARY KEY (`key`);

--
-- Индексы таблицы `chegirma_days`
--
ALTER TABLE `chegirma_days`
  ADD PRIMARY KEY (`id`);

--
-- Индексы таблицы `cours`
--
ALTER TABLE `cours`
  ADD PRIMARY KEY (`id`);

--
-- Индексы таблицы `davomats`
--
ALTER TABLE `davomats`
  ADD PRIMARY KEY (`id`);

--
-- Индексы таблицы `eslatmas`
--
ALTER TABLE `eslatmas`
  ADD PRIMARY KEY (`id`);

--
-- Индексы таблицы `failed_jobs`
--
ALTER TABLE `failed_jobs`
  ADD PRIMARY KEY (`id`),
  ADD UNIQUE KEY `failed_jobs_uuid_unique` (`uuid`);

--
-- Индексы таблицы `filials`
--
ALTER TABLE `filials`
  ADD PRIMARY KEY (`id`);

--
-- Индексы таблицы `filial_kassas`
--
ALTER TABLE `filial_kassas`
  ADD PRIMARY KEY (`id`);

--
-- Индексы таблицы `guruhs`
--
ALTER TABLE `guruhs`
  ADD PRIMARY KEY (`id`);

--
-- Индексы таблицы `guruh_times`
--
ALTER TABLE `guruh_times`
  ADD PRIMARY KEY (`id`);

--
-- Индексы таблицы `guruh_users`
--
ALTER TABLE `guruh_users`
  ADD PRIMARY KEY (`id`);

--
-- Индексы таблицы `ish_haqis`
--
ALTER TABLE `ish_haqis`
  ADD PRIMARY KEY (`id`);

--
-- Индексы таблицы `jobs`
--
ALTER TABLE `jobs`
  ADD PRIMARY KEY (`id`),
  ADD KEY `jobs_queue_index` (`queue`);

--
-- Индексы таблицы `job_batches`
--
ALTER TABLE `job_batches`
  ADD PRIMARY KEY (`id`);

--
-- Индексы таблицы `mavjud_ish_haqis`
--
ALTER TABLE `mavjud_ish_haqis`
  ADD PRIMARY KEY (`id`);

--
-- Индексы таблицы `migrations`
--
ALTER TABLE `migrations`
  ADD PRIMARY KEY (`id`);

--
-- Индексы таблицы `moliyas`
--
ALTER TABLE `moliyas`
  ADD PRIMARY KEY (`id`);

--
-- Индексы таблицы `murojats`
--
ALTER TABLE `murojats`
  ADD PRIMARY KEY (`id`);

--
-- Индексы таблицы `password_reset_tokens`
--
ALTER TABLE `password_reset_tokens`
  ADD PRIMARY KEY (`email`);

--
-- Индексы таблицы `personal_access_tokens`
--
ALTER TABLE `personal_access_tokens`
  ADD PRIMARY KEY (`id`),
  ADD UNIQUE KEY `personal_access_tokens_token_unique` (`token`),
  ADD KEY `personal_access_tokens_tokenable_type_tokenable_id_index` (`tokenable_type`,`tokenable_id`);

--
-- Индексы таблицы `rooms`
--
ALTER TABLE `rooms`
  ADD PRIMARY KEY (`id`);

--
-- Индексы таблицы `send_messeges`
--
ALTER TABLE `send_messeges`
  ADD PRIMARY KEY (`id`);

--
-- Индексы таблицы `sessions`
--
ALTER TABLE `sessions`
  ADD PRIMARY KEY (`id`),
  ADD KEY `sessions_user_id_index` (`user_id`),
  ADD KEY `sessions_last_activity_index` (`last_activity`);

--
-- Индексы таблицы `settings`
--
ALTER TABLE `settings`
  ADD PRIMARY KEY (`id`);

--
-- Индексы таблицы `sms_centars`
--
ALTER TABLE `sms_centars`
  ADD PRIMARY KEY (`id`);

--
-- Индексы таблицы `sms_counters`
--
ALTER TABLE `sms_counters`
  ADD PRIMARY KEY (`id`);

--
-- Индексы таблицы `tests`
--
ALTER TABLE `tests`
  ADD PRIMARY KEY (`id`);

--
-- Индексы таблицы `test_natijas`
--
ALTER TABLE `test_natijas`
  ADD PRIMARY KEY (`id`);

--
-- Индексы таблицы `transactions`
--
ALTER TABLE `transactions`
  ADD PRIMARY KEY (`id`);

--
-- Индексы таблицы `tulovs`
--
ALTER TABLE `tulovs`
  ADD PRIMARY KEY (`id`);

--
-- Индексы таблицы `tulov_deletes`
--
ALTER TABLE `tulov_deletes`
  ADD PRIMARY KEY (`id`);

--
-- Индексы таблицы `tulov_settings`
--
ALTER TABLE `tulov_settings`
  ADD PRIMARY KEY (`id`);

--
-- Индексы таблицы `t_kun_messeges`
--
ALTER TABLE `t_kun_messeges`
  ADD PRIMARY KEY (`id`);

--
-- Индексы таблицы `users`
--
ALTER TABLE `users`
  ADD PRIMARY KEY (`id`),
  ADD UNIQUE KEY `users_email_unique` (`email`);

--
-- Индексы таблицы `user_histories`
--
ALTER TABLE `user_histories`
  ADD PRIMARY KEY (`id`);

--
-- AUTO_INCREMENT для сохранённых таблиц
--

--
-- AUTO_INCREMENT для таблицы `admin_kassas`
--
ALTER TABLE `admin_kassas`
  MODIFY `id` bigint(20) UNSIGNED NOT NULL AUTO_INCREMENT, AUTO_INCREMENT=3;

--
-- AUTO_INCREMENT для таблицы `all_s_m_s`
--
ALTER TABLE `all_s_m_s`
  MODIFY `id` bigint(20) UNSIGNED NOT NULL AUTO_INCREMENT, AUTO_INCREMENT=2;

--
-- AUTO_INCREMENT для таблицы `chegirma_days`
--
ALTER TABLE `chegirma_days`
  MODIFY `id` bigint(20) UNSIGNED NOT NULL AUTO_INCREMENT, AUTO_INCREMENT=5;

--
-- AUTO_INCREMENT для таблицы `cours`
--
ALTER TABLE `cours`
  MODIFY `id` bigint(20) UNSIGNED NOT NULL AUTO_INCREMENT, AUTO_INCREMENT=7;

--
-- AUTO_INCREMENT для таблицы `davomats`
--
ALTER TABLE `davomats`
  MODIFY `id` bigint(20) UNSIGNED NOT NULL AUTO_INCREMENT, AUTO_INCREMENT=255;

--
-- AUTO_INCREMENT для таблицы `eslatmas`
--
ALTER TABLE `eslatmas`
  MODIFY `id` bigint(20) UNSIGNED NOT NULL AUTO_INCREMENT, AUTO_INCREMENT=3;

--
-- AUTO_INCREMENT для таблицы `failed_jobs`
--
ALTER TABLE `failed_jobs`
  MODIFY `id` bigint(20) UNSIGNED NOT NULL AUTO_INCREMENT, AUTO_INCREMENT=2;

--
-- AUTO_INCREMENT для таблицы `filials`
--
ALTER TABLE `filials`
  MODIFY `id` bigint(20) UNSIGNED NOT NULL AUTO_INCREMENT, AUTO_INCREMENT=5;

--
-- AUTO_INCREMENT для таблицы `filial_kassas`
--
ALTER TABLE `filial_kassas`
  MODIFY `id` bigint(20) UNSIGNED NOT NULL AUTO_INCREMENT, AUTO_INCREMENT=5;

--
-- AUTO_INCREMENT для таблицы `guruhs`
--
ALTER TABLE `guruhs`
  MODIFY `id` bigint(20) UNSIGNED NOT NULL AUTO_INCREMENT, AUTO_INCREMENT=21;

--
-- AUTO_INCREMENT для таблицы `guruh_times`
--
ALTER TABLE `guruh_times`
  MODIFY `id` bigint(20) UNSIGNED NOT NULL AUTO_INCREMENT, AUTO_INCREMENT=259;

--
-- AUTO_INCREMENT для таблицы `guruh_users`
--
ALTER TABLE `guruh_users`
  MODIFY `id` bigint(20) UNSIGNED NOT NULL AUTO_INCREMENT, AUTO_INCREMENT=69;

--
-- AUTO_INCREMENT для таблицы `ish_haqis`
--
ALTER TABLE `ish_haqis`
  MODIFY `id` bigint(20) UNSIGNED NOT NULL AUTO_INCREMENT, AUTO_INCREMENT=5;

--
-- AUTO_INCREMENT для таблицы `jobs`
--
ALTER TABLE `jobs`
  MODIFY `id` bigint(20) UNSIGNED NOT NULL AUTO_INCREMENT, AUTO_INCREMENT=16;

--
-- AUTO_INCREMENT для таблицы `mavjud_ish_haqis`
--
ALTER TABLE `mavjud_ish_haqis`
  MODIFY `id` bigint(20) UNSIGNED NOT NULL AUTO_INCREMENT, AUTO_INCREMENT=2;

--
-- AUTO_INCREMENT для таблицы `migrations`
--
ALTER TABLE `migrations`
  MODIFY `id` int(10) UNSIGNED NOT NULL AUTO_INCREMENT, AUTO_INCREMENT=29;

--
-- AUTO_INCREMENT для таблицы `moliyas`
--
ALTER TABLE `moliyas`
  MODIFY `id` bigint(20) UNSIGNED NOT NULL AUTO_INCREMENT, AUTO_INCREMENT=14;

--
-- AUTO_INCREMENT для таблицы `murojats`
--
ALTER TABLE `murojats`
  MODIFY `id` bigint(20) UNSIGNED NOT NULL AUTO_INCREMENT;

--
-- AUTO_INCREMENT для таблицы `personal_access_tokens`
--
ALTER TABLE `personal_access_tokens`
  MODIFY `id` bigint(20) UNSIGNED NOT NULL AUTO_INCREMENT;

--
-- AUTO_INCREMENT для таблицы `rooms`
--
ALTER TABLE `rooms`
  MODIFY `id` bigint(20) UNSIGNED NOT NULL AUTO_INCREMENT, AUTO_INCREMENT=4;

--
-- AUTO_INCREMENT для таблицы `send_messeges`
--
ALTER TABLE `send_messeges`
  MODIFY `id` bigint(20) UNSIGNED NOT NULL AUTO_INCREMENT, AUTO_INCREMENT=13;

--
-- AUTO_INCREMENT для таблицы `settings`
--
ALTER TABLE `settings`
  MODIFY `id` bigint(20) UNSIGNED NOT NULL AUTO_INCREMENT, AUTO_INCREMENT=2;

--
-- AUTO_INCREMENT для таблицы `sms_centars`
--
ALTER TABLE `sms_centars`
  MODIFY `id` bigint(20) UNSIGNED NOT NULL AUTO_INCREMENT, AUTO_INCREMENT=5;

--
-- AUTO_INCREMENT для таблицы `sms_counters`
--
ALTER TABLE `sms_counters`
  MODIFY `id` bigint(20) UNSIGNED NOT NULL AUTO_INCREMENT, AUTO_INCREMENT=2;

--
-- AUTO_INCREMENT для таблицы `tests`
--
ALTER TABLE `tests`
  MODIFY `id` bigint(20) UNSIGNED NOT NULL AUTO_INCREMENT, AUTO_INCREMENT=19;

--
-- AUTO_INCREMENT для таблицы `test_natijas`
--
ALTER TABLE `test_natijas`
  MODIFY `id` bigint(20) UNSIGNED NOT NULL AUTO_INCREMENT;

--
-- AUTO_INCREMENT для таблицы `transactions`
--
ALTER TABLE `transactions`
  MODIFY `id` bigint(20) UNSIGNED NOT NULL AUTO_INCREMENT;

--
-- AUTO_INCREMENT для таблицы `tulovs`
--
ALTER TABLE `tulovs`
  MODIFY `id` bigint(20) UNSIGNED NOT NULL AUTO_INCREMENT, AUTO_INCREMENT=80;

--
-- AUTO_INCREMENT для таблицы `tulov_deletes`
--
ALTER TABLE `tulov_deletes`
  MODIFY `id` bigint(20) UNSIGNED NOT NULL AUTO_INCREMENT;

--
-- AUTO_INCREMENT для таблицы `tulov_settings`
--
ALTER TABLE `tulov_settings`
  MODIFY `id` bigint(20) UNSIGNED NOT NULL AUTO_INCREMENT, AUTO_INCREMENT=3;

--
-- AUTO_INCREMENT для таблицы `t_kun_messeges`
--
ALTER TABLE `t_kun_messeges`
  MODIFY `id` bigint(20) UNSIGNED NOT NULL AUTO_INCREMENT, AUTO_INCREMENT=7;

--
-- AUTO_INCREMENT для таблицы `users`
--
ALTER TABLE `users`
  MODIFY `id` bigint(20) UNSIGNED NOT NULL AUTO_INCREMENT, AUTO_INCREMENT=85;

--
-- AUTO_INCREMENT для таблицы `user_histories`
--
ALTER TABLE `user_histories`
  MODIFY `id` bigint(20) UNSIGNED NOT NULL AUTO_INCREMENT, AUTO_INCREMENT=238;
COMMIT;

/*!40101 SET CHARACTER_SET_CLIENT=@OLD_CHARACTER_SET_CLIENT */;
/*!40101 SET CHARACTER_SET_RESULTS=@OLD_CHARACTER_SET_RESULTS */;
/*!40101 SET COLLATION_CONNECTION=@OLD_COLLATION_CONNECTION */;
